Sample,LATI,LONG,ELEV,SLPE,ASPC,DMF,COND,pH,TC,TP,CL,NO2,BR,NO3,PO4,SO4,MUD,SAND,GRVL,MIN,MAX,MEAN,QDP,SO,GRSKW,IGS,KURT,SIO2,TIO2,AL2O3,FE2O3,MNO,MGO,CAO,NA2O,K2O,P2O5,SO3,CLPPM
MP/T1/0 ,-66.311403,110.529715,12.82,7.6822,299.9897,0.97373,36.2,5.9,275,22.3,33.09975209,0.075,0.075,0.38,0.353608546,19.87180422,0.452573886,79.22828712,20.72976037,64.01838089,1378.73004,613.5189476,0.68471,0.622160292,-0.292570991,-0.370295422,1.325411548,32.802,0.618,86.083,7.49,0.5027,1.837,2.326,2.487,2.804,0.1612,0.084,43
MP/T1/100 ,-66.311756,110.532207,29.87,13.078,332.9913,0.9685,42.3,5.1,1720.027816,38.7,32.91845007,0.075,0.075,0.38,1.015542854,9.902781292,0.955961122,75.13983087,24.02502598,42.65888299,1135.69859,378.9040487,1.086855,0.470821889,-0.065308722,-0.110860711,0.892670015,35.767,0.447,85.311,6.746,0.1827,2.795,3.45,3.287,2.483,0.1571,0.086,54
MP/T1/102 ,-66.311772,110.532241,30.32,12.8052,333.3434,0.9716,25.1,5.5,2441.487356,36.7,58.98044154,0.075,0.075,0.38,0.881117801,13.04351351,1.005714103,73.91052936,25.06641758,45.43821591,1191.55042,440.6286456,1.02996,0.489758565,-0.219270967,-0.256768074,0.937643846,33.942,0.425,85.406,5.59,0.1485,2.174,2.942,3.294,3.022,0.1454,0.081,81
MP/T1/2 ,-66.311407,110.529765,13.1,7.7898,300.6562,0.94953,88,5.9,1652.35291,35.4,98.93470811,0.075,0.075,0.38,0.8439642,37.28010911,0.864567454,65.6777555,33.7635228,41.77286776,1302.831042,500.7524315,1.007775,0.497347255,-0.313246961,-0.349654225,1.009149762,34.28,0.638,85.592,8.144,0.4146,2.153,2.346,2.413,2.66,0.1429,0.095,59
MP/T1/200 ,-66.312659,110.534395,51.76,7.9511,17.3833,0.96383,49.9,5.2,1046.465008,32.3,53.93300866,0.075,0.075,0.38,0.439845851,8.62394393,1.515527732,69.35509821,25.3694999,50.71583218,1123.305232,386.968507,1.073675,0.475142442,-0.121064544,-0.139731542,0.852970894,28.015,0.428,86.972,3.633,0.1059,0.928,2.01,2.9,3.743,0.1428,0.015,59
MP/T1/202 ,-66.312685,110.534429,52.04,7.3115,21.7656,0.96962,36.9,5,2142.817066,21.5,15.55620452,0.075,0.075,0.38,0.491091916,4.593445596,1.393393299,53.06952254,43.16088092,37.68750242,1212.117872,431.0806898,1.19501,0.436819472,-0.24030252,-0.267540072,0.858642242,28.292,0.401,86.859,3.338,0.1012,0.976,2.001,2.931,3.879,0.1401,0.011,40
MP/T2/0 ,-66.311415,110.529701,12.83,7.75,298.6219,0.97542,62.1,5.6,775.9556136,31,75.57273844,0.075,0.075,0.38,0.075,20.84325122,0.630628309,52.21487212,47.62696891,48.96008931,1313.467042,521.6323218,0.968325,0.511133299,-0.303261859,-0.343779285,1.004275593,43.842,1.335,82.155,14.441,0.3969,3.504,1.734,1.777,2.308,0.1598,0.047,94
MP/T2/100 ,-66.311774,110.532177,30.13,12.8908,331.5753,0.98931,37.3,5.5,2042.045225,32.1,46.10767559,0.075,0.075,0.38,2.864751135,9.725336179,0.65718879,40.0563696,59.75709529,36.44538624,1356.472688,451.1713682,1.362495,0.388945727,-0.124197734,-0.164546558,0.784779538,31.716,0.414,85.41,4.246,0.1113,1.529,2.773,3.393,3.239,0.1275,0.036,106
MP/T2/102 ,-66.311782,110.532214,30.43,12.7226,332.2595,0.96283,31.1,5.3,1326.953766,23.8,28.76090884,0.075,0.075,0.38,0.075,9.973302452,1.224040407,66.26030877,31.4948635,51.72910353,1185.659703,414.802761,1.057,0.480665554,-0.134879526,-0.161041278,0.876004234,31.059,0.455,86.084,4.931,0.1353,1.699,2.566,3.128,3.206,0.1486,0.054,38
MP/T2/2 ,-66.311424,110.529736,13.06,7.8398,298.6822,0.9776,57.2,6.8,275,23.4,62.06134067,0.075,0.075,0.38,0.075,27.69646838,0.65572773,70.8144161,29.00070208,77.35294341,1454.829414,655.4478307,0.676695,0.625626023,-0.250524595,-0.336928275,1.281920603,39.404,0.713,85.879,11.877,1.0328,2.275,3.158,2.172,2.501,0.8301,0.224,131
MP/T2/200 ,-66.31267,110.534361,51.97,8.0631,20.0949,0.95356,35.2,5.2,1161.952892,22.8,33.91795824,0.075,0.075,0.38,0.418986543,4.838296984,1.559974422,69.48452079,24.59345866,49.58061579,1146.256568,397.825561,1.117265,0.461002452,-0.148207958,-0.163380983,0.831034406,27.655,0.388,86.657,3.27,0.0896,0.818,1.918,2.992,4.001,0.1313,0.006,59
MP/T2/202 ,-66.312698,110.534387,52.29,7.4603,24.9659,0.94324,66.6,5.4,1248.9054,29.1,90.86977385,0.075,0.075,0.075,0.075,12.34871692,1.829365735,70.37108442,18.42932464,33.85634397,1103.28843,356.5699775,1.25017,0.420434968,-0.140399262,-0.160457955,0.823861725,26.638,0.442,86.666,3.599,0.1047,0.966,2.14,2.985,3.83,0.1581,0.008,86
MP/T3/0 ,-66.31143,110.529679,12.8,7.8485,296.8232,0.97962,83.2,5.6,754.4157298,30.5,109.8626782,0.075,0.075,0.38,0.075,24.63115214,0.689398011,47.00675967,52.76735912,43.39943286,1414.017524,545.6076804,1.08748,0.470617985,-0.307857387,-0.347775465,0.947064713,43.067,1.231,81.993,13.368,0.2983,3.404,1.759,1.849,2.522,0.1683,0.029,91
MP/T3/100 ,-66.311784,110.532141,30.19,12.8174,330.4774,0.96882,46.9,5,1907.369912,30.5,35.32604753,0.075,0.075,0.38,0.889451469,9.408419988,0.930967822,69.46207057,29.78675866,47.38978743,1218.199148,452.0990308,1.040555,0.486175361,-0.233591619,-0.264891573,0.922432945,33.1295,0.5135,85.7225,5.4585,0.1385,1.947,2.8935,3.298,2.937,0.1931,0.0765,35
MP/T3/102 ,-66.311788,110.532182,30.44,12.6875,331.3067,0.93104,41.4,5,2616.002846,27.8,22.80132605,0.075,0.075,0.38,1.989478339,7.567033481,1.119048804,68.40370352,30.02811576,20.86501836,1032.198186,313.4552911,1.339555,0.395179079,0.036615409,-0.050837839,0.861016605,37.434,0.85,86.177,6.74,0.1816,2.289,3.183,3.011,2.751,0.3759,0.045,72
MP/T3/2 ,-66.311438,110.529717,13.05,7.9192,297.031,0.97566,58.9,5.5,1044.478696,27.8,61.62746287,0.075,0.075,0.38,0.075,22.67550134,0.670703537,58.08650091,41.71114015,64.88910151,1354.800101,555.3040993,0.882535,0.542446567,-0.312181212,-0.341021581,1.017922755,35.5645,0.8715,84.781,8.821,0.3167,2.3355,2.108,2.267,2.8285,0.135,0.03,66
MP/T3/200 ,-66.312681,110.534323,52.19,8.2376,22.7885,0.97601,43.6,5,1211.062444,24.1,40.49442413,0.075,0.075,0.075,0.075,8.087006725,1.016372925,77.34420377,21.58867846,58.85708899,1256.316532,476.3930965,1.00995,0.496598096,-0.234133566,-0.254988447,0.895970341,28.512,0.43,86.336,3.633,0.0958,0.984,1.948,2.935,3.931,0.1318,0.011,61
MP/T3/202 ,-66.3127,110.534339,52.43,7.8307,26.134,0.94836,49.9,4.9,2922.867955,22.9,17.0561605,0.075,0.075,0.38,0.686825255,3.543620155,1.286437724,73.53333244,23.72790068,32.06737341,1290.43726,478.5903503,1.203195,0.434348479,-0.314311294,-0.352087372,0.907864573,28.6035,0.404,86.9135,3.407,0.09725,0.872,1.8535,2.8605,3.892,0.12475,0.023,13.5
BP/T1/0 ,-66.472462,110.549556,40.41,3.9932,295.7426,0.91083,36.9,6.8,1600,1100,36.99355973,0.075,0.075,2.822760523,1.580745893,11.01903062,1.374881343,67.8612031,28.56556769,20.42061321,1304.611273,466.2919461,1.13417,0.455632642,-0.25580176,-0.349640833,1.126829658,31.911,0.999,86.36,5.959,0.1065,1.353,3.461,2.785,3.171,0.212,0.015,68
BP/T1/100 ,-66.472103,110.547549,40.18,3.181,80.1393,0.90417,48.5,6.7,1200,710,55.31859356,0.075,0.075,2.765929678,1.439063942,10.20515853,1.411468399,69.76937708,26.26159058,21.39844839,1267.248978,465.5138798,1.09702,0.46751654,-0.277148553,-0.384911118,1.218476074,30.124,0.757,86.417,4.695,0.0896,1.197,3.253,2.936,3.098,0.1624,0.008,108
BP/T1/102 ,-66.472083,110.54753,40.22,3.0993,83.6057,0.90853,48.5,6.5,1100,650,57.85981967,0.075,0.075,2.492423001,1.07312657,10.96863932,1.366791212,70.67166418,25.83847015,38.66065793,1101.599645,386.2498872,1.05635,0.480882143,-0.181763431,-0.274202884,1.102999658,29.522,0.694,86.783,4.583,0.0902,1.131,3.099,2.944,3.059,0.1583,0.007,132
BP/T1/2 ,-66.472454,110.549517,40.28,3.8198,297.3177,0.89794,41.1,6.6,1700,910,39.75672361,0.075,0.075,0.984748872,1.004845788,10.56092923,1.483534982,78.69528899,16.46085565,13.77923878,1202.911079,438.0102032,1.07663,0.474170324,-0.258449589,-0.343907229,1.119225549,33.002,1.145,86.676,7.08,0.1235,1.515,3.352,2.737,3.217,0.2186,0.014,86
BP/T1/200 ,-66.47172,110.545522,43.18,1.3277,127.3402,0.82975,31,6.4,2600,810,30.0091368,0.075,0.075,4.389381171,1.242655857,7.245485358,1.26628958,68.08763436,29.34118771,25.14037535,1428.518777,583.8006788,0.88309,0.542237951,-0.264377695,-0.358898926,1.208384995,31.735,0.978,86.811,6.049,0.1123,1.337,3.292,2.778,3.057,0.1912,0.017,90
BP/T1/202 ,-66.471712,110.545481,43.23,1.3973,123.9788,0.89775,31.7,6.5,900,850,22.53269817,0.075,0.075,0.870828915,0.885672589,4.190864152,1.643864409,73.08605723,19.61157046,3.461060798,1356.303456,486.2294441,1.20886,0.432646445,-0.289125526,-0.344411378,0.975300737,30.446,0.859,86.856,5.433,0.1079,1.247,3.315,2.886,3.027,0.2046,0.012,90
BP/T2/0 ,-66.472446,110.549589,40.47,4.165,293.852,0.91243,29.5,6.7,3000,900,26.12830787,0.075,0.075,2.653870014,2.462353621,7.749574036,1.487859352,63.65799453,31.44142509,4.898752094,1128.166498,392.8176253,1.197985,0.435919719,-0.277670686,-0.423799199,1.428038283,32.089,0.854,86.288,5.403,0.1013,1.403,3.246,2.722,3.498,0.2107,0.019,64
BP/T2/100 ,-66.472084,110.547584,40.09,3.043,85.3973,0.9131,74.1,6.5,2800,640,54.93142983,0.075,0.075,1.150769665,0.075,11.39058292,1.455838813,78.06305493,17.44480619,12.50110991,1191.112763,386.6402608,1.238955,0.423715689,-0.178935325,-0.275576597,1.067858549,32.369,0.938,86.568,6.129,0.118,1.419,3.368,2.892,3.078,0.1971,0.021,140
BP/T2/102 ,-66.472064,110.547559,40.16,2.9794,88.8974,0.91757,50.3,6.4,600,800,91.37982805,0.075,0.075,0.075,0.075,15.81954591,1.568765036,72.70991371,21.23344846,36.76380751,1231.246821,415.4833186,1.21613,0.430471962,-0.227289138,-0.374833208,1.343533903,31.206,0.918,86.834,5.689,0.0996,1.358,3.251,2.725,2.987,0.2031,0.016,63
BP/T2/2 ,-66.472438,110.549547,40.31,3.9573,294.8804,0.89035,32.5,6.7,400,710,112.4923643,0.075,0.075,0.075,1.259858487,20.8226611,1.409541524,66.00761826,30.04497846,8.601416614,1092.330932,354.9404029,1.174165,0.443176104,-0.142104251,-0.255506501,1.125531272,31.119,0.873,86.707,5.386,0.1229,1.325,3.44,2.861,2.946,0.2039,0.005,51
BP/T2/200 ,-66.471695,110.545533,43.23,1.3505,140.2951,0.87158,12.7,6.5,4900,730,21.93176666,0.075,0.794046547,2.794239749,0.075,8.865177907,1.530426279,69.96121065,24.55286698,10.43482344,1075.390029,328.5925296,1.18357,0.4402967,-0.034018631,-0.19324283,1.206074301,32.766,0.973,86.564,6.149,0.1247,1.526,3.296,2.78,3.047,0.2023,0.021,61
BP/T2/202 ,-66.471688,110.545492,43.26,1.3457,136.5281,0.828,19.7,6.5,1200,990,16.8187712,0.075,0.075,1.490777459,1.790933994,3.031581007,1.531378645,65.3974308,29.10297879,10.3648281,1106.482014,359.5291749,1.2505,0.420338819,-0.210842288,-0.306098716,1.102580279,33.992,1.15,86.427,7.101,0.1256,1.57,3.415,2.673,3.38,0.2266,0.018,54
BP/T3/0 ,-66.472427,110.549601,40.45,4.2338,292.6186,0.93207,27.1,6.6,2400,1000,21.05719386,0.075,0.075,2.532381292,2.07418779,8.493823634,1.471711801,82.83521709,12.47350578,28.92638805,1261.316208,472.4145266,1.01992,0.493178437,-0.337581216,-0.394665191,1.151050581,32.409,0.987,86.499,6.01,0.1114,1.423,3.33,2.792,3.219,0.1994,0.021,100
BP/T3/100 ,-66.472067,110.547625,40.01,2.9364,90.4061,0.90092,50.3,6.6,2400,660,59.29448068,0.075,0.075,1.092239244,1.792526606,11.84217286,1.465214569,75.12413692,20.26688213,4.162338467,1209.524506,413.5481841,1.096095,0.46781636,-0.14378924,-0.219801845,1.006910972,30.891,1.003,87.072,6.501,0.1283,1.51,3.222,2.794,2.934,0.2044,0.014,165
BP/T3/102 ,-66.472047,110.547598,40.08,2.8764,93.9309,0.90474,56.4,6.5,2100,680,65.18033053,0.075,0.075,0.898251852,1.260530223,11.77156571,1.956409986,70.2507828,15.09915448,23.78028804,885.6263179,254.6703535,1.188965,0.438653435,-0.089009308,-0.181892003,1.105957427,28.649,0.599,87.435,4.371,0.0938,1.16,2.97,2.879,2.789,0.1627,0.009,121
BP/T3/2 ,-66.472417,110.549563,40.29,4.0456,293.3635,0.90812,36.6,6.6,1200,610,36.75737641,0.075,0.075,1.388300145,1.197847418,9.47752915,1.521860609,71.70050081,22.9353666,4.775375845,1203.052832,408.6359464,1.267915,0.415295844,-0.255930094,-0.398752892,1.321242639,33.074,1.076,86.739,6.728,0.129,1.55,3.324,2.771,2.955,0.205,0.019,85
BP/T3/200 ,-66.47168,110.545536,43.26,1.3666,147.547,0.84907,15.9,6.5,2800,730,8.812789726,0.075,0.075,2.152345317,0.856207697,4.281038487,1.990305286,58.0646492,26.24333324,30.73571805,973.7342547,265.1863569,1.250255,0.420410201,-0.037500956,-0.185880749,1.257410701,32.006,0.861,86.785,5.869,0.1281,1.525,3.448,2.853,2.876,0.2523,0.005,68
BP/T3/202 ,-66.471673,110.545495,43.29,1.3282,143.8735,0.87264,16.3,6.6,2000,920,13.6157513,0.075,0.075,0.955660673,0.979793518,4.474229513,1.308961453,76.75800627,20.30632242,13.56403291,1326.854338,505.2523025,1.000575,0.499835301,-0.265228161,-0.328515178,1.059550594,32.8255,1.1085,86.7295,6.814,0.1243,1.437,3.39,2.861,3.042,0.2023,0.017,170
RR/T1/0,-66.36774,110.58534,25.25,8.64747,317.677338,0.873398796,56.6,5,11468.99171,74,6.35256484,1.075278136,0.604534252,1.06041254,2.576703367,14.17682372,1.341802287,54.00056977,42.75786989,2.459686221,1243.692649,359.6354336,1.715135,0.304610146,-0.304266709,-0.370033538,1.059790877,40.061,0.956,85.817,6.397,0.1388,1.848,3.634,2.746,3.153,0.5249,0.081,154
RR/T1/100,-66.368572,110.585669,35.77,5.50259,11.472095,0.914650998,14.7,5.4,840.9503052,32.2,5.995227084,0.075,0.075,0.815271345,9.738515637,3.986875723,1.766101658,69.60537011,20.6657511,33.95599222,973.8490014,276.5911233,1.25439,0.419207081,-0.040319721,-0.102437487,0.943659638,33.367,0.908,86.284,6.057,0.1273,1.614,3.754,2.963,3.137,0.3471,0.018,97
RR/T1/102,-66.36859,110.585662,35.96,5.574512,13.21181,0.929701308,16.5,5.5,1138.296616,47.3,5.656322364,0.075,0.075,0.38,8.840180159,3.298277684,1.522198145,68.58792939,26.04317756,24.92642857,1150.858131,364.3557525,1.195535,0.436660558,-0.068366678,-0.112727084,0.871223234,34.0295,1.012,86.3365,6.131,0.1195,1.5305,3.741,2.889,3.176,0.3462,0.022,98.5
RR/T1/2,-66.367756,110.58535,25.51,8.592225,318.190338,0.857748673,41,5.1,4444.327876,64.1,3.605675295,0.075,0.075,0.866748869,1.262976924,9.583766067,1.4050392,67.37806619,28.72472421,1.877514806,1221.166569,358.7320955,1.91915,0.264445298,-0.435045453,-0.457725751,0.95623468,39.352,1.16,85.976,7.058,0.1572,1.968,3.846,2.761,3.059,0.4567,0.09,147
RR/T1/200,-66.36945,110.585627,45.73,6.311208,28.745117,0.944927091,15.6,5.3,1072.676874,22.7,4.943793979,0.075,0.075,0.38,3.364322708,3.618602912,1.441825967,72.99252721,22.68580508,48.64819204,1206.627192,398.5152115,1.1935,0.437276864,-0.128645129,-0.156569919,0.842502421,34.882,1.076,86.058,6.615,0.1381,1.796,3.956,2.934,3.206,0.3389,0.021,114
RR/T1/202,-66.369468,110.585626,45.94,6.246901,29.457022,0.959973166,9.1,5.4,550.8883631,17.7,3.72821801,0.075,0.075,0.38,4.956044475,2.057976342,1.505831086,77.21063311,17.64768702,30.04398514,1061.356996,338.1070199,1.04642,0.484203116,-0.011519922,-0.033924858,0.870920243,30.496,0.704,86.693,4.617,0.0979,1.324,3.229,2.901,3.364,0.2522,0.01,75
RR/T2/0,-66.367739,110.585302,25.07,8.712618,317.981049,0.814642938,38.6,5.1,4042.76772,73.5,4.44568449,0.075,0.075,1.092793953,1.549780515,19.51133931,1.547267627,71.31538203,22.95320429,2.29097908,968.1080634,251.4530617,2.47603,0.179769069,-0.3518228,-0.36199717,0.745690666,40.165,0.951,85.835,6.356,0.138,1.831,3.631,2.756,3.139,0.5226,0.081,167
RR/T2/100,-66.368566,110.585623,35.75,5.685465,10.198239,0.931997636,15.6,5.1,1075.226224,31.4,5.744451719,0.075,0.075,0.780749064,9.162167818,3.898574794,1.687352858,73.7832297,18.11045212,35.98351671,983.0931321,300.9483431,1.168305,0.444979696,-0.041316969,-0.101962548,0.929885042,34.655,1.062,86.349,6.447,0.1328,1.713,3.938,2.88,3.168,0.4193,0.022,101
RR/T2/102,-66.368588,110.585621,35.98,5.759342,12.266506,0.970508036,18,5.2,1507.233909,26.8,4.532926653,0.075,0.075,0.765628551,6.900797735,4.365603857,1.056321329,52.21246825,46.54248919,29.84307485,1346.094784,471.9958309,1.242665,0.42262758,-0.217860418,-0.259143594,0.861662795,33.408,0.971,86.511,5.959,0.1223,1.497,3.682,2.887,3.146,0.3707,0.018,81
RR/T2/2,-66.36776,110.585306,25.35,8.666655,318.708405,0.86342913,40.4,5.4,5077.558251,65,9.61086957,0.075,0.565929303,1.077251393,1.886431011,16.16373519,1.57409565,61.47686176,32.38375881,2.345855721,1153.189815,336.930551,2.00189,0.249707226,-0.45163481,-0.466490018,0.918747562,38.473,1.046,86.253,6.812,0.1489,1.841,3.68,2.738,3.043,0.461,0.075,150
RR/T2/200,-66.369451,110.585574,45.85,6.318602,27.674726,0.944138166,9.2,5.9,275,26.9,4.887715067,0.075,0.075,0.38,5.565019947,1.895442761,1.844107901,68.795601,19.6394076,44.56546595,1057.259849,327.7483237,1.234135,0.425133536,-0.077787429,-0.111402382,0.852975141,33.015,0.951,86.423,5.994,0.1268,1.631,3.921,2.892,3.141,0.3736,0.009,87
RR/T2/202,-66.369467,110.585574,46.05,6.279895,28.224838,0.963034494,12.4,5.1,730.5645018,20.6,5.84641031,0.075,0.075,0.38,3.92240081,2.469476111,1.481510096,76.20264001,18.97989617,31.26863388,1255.106685,418.9335715,1.186025,0.439548169,-0.128317931,-0.153005124,0.832049887,32.362,0.939,86.666,5.845,0.1244,1.552,3.538,2.867,3.125,0.3088,0.011,93
RR/T3/0,-66.367739,110.585262,24.89,8.778012,318.345886,0.844724746,36.4,5.1,5829.717649,75.1,14.15465795,0.075,0.267911507,1.190717808,2.123446758,14.45729872,1.509636773,66.51923321,28.28691126,6.873068246,1137.36081,315.1945916,1.832705,0.280773293,-0.387206791,-0.410951423,0.997513261,36.151,0.896,86.968,5.643,0.1141,1.601,3.3,2.617,2.99,0.4109,0.078,119
RR/T3/100,-66.368564,110.585581,35.75,5.8515,9.764771,0.927311461,22.2,5.3,2035.63186,34.1,6.299797931,0.075,0.075,0.38,7.577587135,4.115669875,1.636956404,73.40237277,19.41723029,29.2479638,1049.018412,341.6355462,1.1015,0.466067157,-0.089457248,-0.150052351,0.955384982,33.103,0.866,86.62,5.472,0.1183,1.489,3.523,2.897,3.158,0.299,0.02,84
RR/T3/102,-66.368584,110.585569,35.99,6.000587,11.556672,0.939814581,15.1,5.8,934.6684196,36.2,5.75500454,0.075,0.075,0.38,4.825655793,2.38549411,1.641306111,65.96834758,26.77463199,40.21869275,1117.658933,366.8087381,1.19305,0.437413266,-0.186630266,-0.219222667,0.902769524,33.787,0.957,86.346,6.122,0.1367,1.595,3.706,2.91,3.19,0.3477,0.013,71
RR/T3/2,-66.367761,110.585271,25.22,8.728091,319.065979,0.862742647,23.1,5.6,2311.808295,37.4,6.828461107,0.075,0.075,0.981902801,2.337626466,10.5766383,1.521636838,78.90653101,15.73249062,17.76559724,1018.262835,295.911283,1.16754,0.445215689,-0.095571588,-0.230273791,1.265611148,36.583,1.058,86.714,6.579,0.1345,1.729,3.724,2.734,3.009,0.4036,0.055,134
RR/T3/200,-66.369448,110.58553,45.93,6.34274,26.969532,0.946176832,18.9,5,2030.552635,22.6,5.319388817,0.075,0.075,0.38,3.728543563,4.752650195,1.235273464,73.02618368,24.64544389,49.37210615,1043.376612,340.2553076,1.15123,0.450277006,-0.061344237,-0.121607618,0.900747212,39.739,0.862,85.854,7.105,0.1474,4.415,6.763,2.848,2.55,0.2372,0.086,291
RR/T3/202,-66.369464,110.585531,46.13,6.317841,27.456469,0.975553987,17.6,5.1,1191.273122,19.9,6.084764485,0.075,0.075,0.38,3.406873025,3.674662171,1.149263078,77.08411673,21.17135578,17.29980996,1176.784378,423.4567458,1.024615,0.491576242,-0.186640418,-0.214905736,0.914979821,36.409,1.25,86.035,7.619,0.1447,2.068,4.225,2.903,3.019,0.3336,0.027,155
HI/T1/0,-66.410199,110.654866,27.39,6.823791,29.718508,0.9484816,173.6,6.18,1800,1300,208.7436431,0.075,0.303558353,1.303808007,2.284152196,35.72533468,1.321973284,70.37883237,26.56701515,29.81991592,1059.357841,346.9207132,1.16727,0.44529901,-0.116930811,-0.165444556,0.904234372,36.177,1.161,86.043,7.01,0.1329,1.855,4.049,2.96,3.101,0.3008,0.032,133
HI/T1/100,-66.410255,110.65489,27.95,6.359684,31.5625,0.920801699,23.51,7.08,400,940,16.56937443,0.075,0.075,0.075,2.40099988,6.772304817,1.139406713,56.05286646,42.26168656,27.92072086,1298.350587,486.1502163,1.30359,0.405153327,-0.381706474,-0.409029147,0.870735405,35.851,0.875,85.901,6.554,0.1397,3.259,5.434,3.046,2.749,0.2029,0.06,553
HI/T1/102,-66.410792,110.656586,28.04,3.979802,25.28167,0.970477541,102.5,7.03,150,850,109.4768159,0.075,0.075,0.38,6.594208826,22.36253597,1.0722897,73.27790329,25.40004471,55.08143669,1386.031456,600.3813122,0.734165,0.60119635,-0.392890036,-0.433216092,1.298801817,32.923,0.6,85.847,4.476,0.0978,2.231,4.56,3.104,3.089,0.1781,0.036,309
HI/T1/2,-66.41021,110.654901,27.43,6.654882,29.365305,0.972034336,50.3,6.62,1100,840,53.35509476,0.075,0.075,0.38,3.196989499,12.75282624,1.107948647,71.84871329,26.64440721,41.24977328,1181.025406,449.6079611,1.065635,0.477797491,-0.302379665,-0.330314372,0.930621525,34.314,0.784,86.967,5.163,0.106,2.162,4.159,2.648,3.485,0.1611,0.036,264
HI/T1/200,-66.411345,110.658273,36.68,9.827997,333.765747,0.939089525,115.9,6.555,400,1600,112.3609904,0.075,0.075,0.38,6.708736788,36.4854788,1.607976811,78.7051645,14.60956283,29.76333499,1035.487401,371.1262145,1.08345,0.471934308,-0.22053764,-0.27075005,0.968489018,35.341,0.916,86.255,6.689,0.1385,2.578,4.797,2.915,3.1,0.4449,0.054,346
HI/T1/202,-66.411364,110.658292,37.06,9.7104,333.950317,0.939036719,72.3,6.78,300,1500,68.64115973,0.075,0.075,0.828665912,14.59537163,19.89291443,1.767062632,72.33464999,17.91527916,30.65486794,949.4145074,308.465969,1.14093,0.453502901,-0.098908925,-0.137227159,0.889562268,34.163,0.808,86.285,5.971,0.1288,2.365,4.626,2.904,3.175,0.4261,0.026,219
HI/T2/0,-66.410211,110.654833,27.62,6.83392,31.215567,0.966134735,132.5,6.59,600,980,172.4550327,0.075,0.189944965,2.464285996,2.924152754,30.98602209,1.290253406,70.65868757,26.56990704,34.94887921,1383.650908,543.4132885,1.096475,0.467693167,-0.398168163,-0.428777755,0.991831499,35.617,1.134,86.661,7.049,0.1445,2.926,5.185,2.732,2.93,0.1898,0.039,339
HI/T2/100,-66.410794,110.656524,28.13,3.887271,25.598913,0.980183451,980,6.65,600,940,404.9577648,0.075,1.57621418,0.38,1.456879352,83.80288261,1.295749896,67.00513698,30.17593017,27.98368956,1270.001323,504.4700032,1.00842,0.497124973,-0.362013629,-0.421187771,1.118471812,37.592,1.101,86.256,7.873,0.1641,3.532,5.741,2.957,2.437,0.2239,0.084,1711
HI/T2/102,-66.410809,110.656558,28.2,3.99259,24.133192,0.909784716,295,7.03,500,1000,203.7691721,0.075,0.248105652,0.38,2.505867086,43.6020873,1.048647934,52.25580234,46.53494007,22.75740708,1190.79907,350.0186658,1.302315,0.405511509,0.088447248,-0.012371144,0.898376554,34.7935,0.628,85.317,5.2805,0.11325,2.817,5.0495,3.188,3.06,0.20145,0.0435,359
HI/T2/2,-66.410222,110.654867,27.65,6.657132,30.764265,0.96308997,134,6.75,1500,800,159.5064877,0.075,0.075,1.487064911,3.429762505,26.94741869,1.160361089,59.28944664,38.89765845,39.95001901,1218.131598,464.005799,1.055675,0.481107165,-0.29492577,-0.331086496,0.957030833,35.999,0.784,85.434,6.843,0.1383,3.661,6.109,2.83,2.915,0.1946,0.045,171
HI/T2/200,-66.411358,110.658242,36.79,9.807782,334.547516,0.967916245,94,6.57,600,1300,108.8006433,0.075,0.075,0.38,9.030706729,33.84776438,1.30064958,70.06457662,27.07361059,37.01772386,1097.103778,415.9541189,0.970245,0.510453581,-0.247796414,-0.30004059,1.032640142,39.585,1.229,85.835,9.072,0.1755,3.511,5.723,2.911,2.626,0.3231,0.099,321
HI/T2/202,-66.411377,110.658264,37.18,9.682088,334.709625,0.977334564,51.4,6.75,500,1100,50.18778538,0.075,0.075,0.7781052,5.800874021,20.86918049,1.058630786,68.26365817,30.48037526,45.59659806,1222.191201,442.0949989,1.04841,0.483535751,-0.219030242,-0.249419008,0.927321482,38.543,1.015,85.147,7.413,0.152,3.356,5.988,3.025,2.569,0.2748,0.08,190
HI/T3/0,-66.410222,110.654796,27.82,6.835311,32.610046,0.946998403,114.2,6.77,1100,1300,93.68253665,0.075,0.075,3.264234559,2.741757991,19.01814708,1.327344205,68.17963485,28.71627566,35.89632596,1011.081996,389.4611484,0.900465,0.535747354,-0.240041058,-0.299130647,1.095954704,43.38,1.513,86.056,11.612,0.21,4.9,6.955,2.759,1.969,0.3004,0.185,141
HI/T3/100,-66.410809,110.656502,28.26,3.87838,24.463106,0.960813341,155.4,6.76,500,890,160.2539787,0.075,0.075,0.7850229,4.615735915,29.92030321,1.142333306,71.77620716,26.52096258,27.51305208,1086.207703,354.0896986,1.15026,0.450579823,-0.099051196,-0.164169274,0.944732951,35.662,0.796,85.464,6.155,0.1305,2.879,5.227,3.131,2.87,0.213,0.059,596
HI/T3/102,-66.41082,110.656534,28.3,3.971923,23.381624,0.965394989,109.1,6.75,800,820,135.9108578,0.075,0.075,0.775689777,7.636790963,28.41526808,1.249853053,74.79178018,22.76796139,37.07935607,1308.360401,513.7070499,0.985955,0.50492578,-0.32858143,-0.37853308,1.068490556,35.635,0.627,85.456,5.223,0.1123,2.78,4.975,3.126,3.048,0.1993,0.05,684
HI/T3/2,-66.410239,110.654839,27.9,6.576073,32.196297,0.957514199,46.3,7.08,400,790,46.67504744,0.075,0.075,0.38,2.391522266,11.54388807,1.152196958,73.95985255,24.27773766,39.65152051,1161.218933,415.1193192,1.093075,0.46879657,-0.21784657,-0.251054431,0.913373049,37.488,0.852,85.564,6.492,0.1361,3.844,6.309,2.908,2.802,0.1971,0.048,68
HI/T3/200,-66.411375,110.658213,36.97,9.746593,335.474762,0.974156596,199.5,6.52,800,1000,164.9744316,0.075,0.075,0.38,5.730774856,39.60125168,1.292987363,70.97276363,26.23226656,37.44378274,1297.783744,477.2390591,1.024975,0.491453605,-0.246626637,-0.299088169,1.022651892,38.459,1.067,85.569,8.068,0.1611,3.233,5.537,3.016,2.753,0.293,0.089,424
HI/T3/202,-66.411385,110.658244,37.26,9.699652,335.484161,0.972886744,85.1,6.5,400,1300,84.9291153,0.075,0.075,0.812981313,7.077426275,33.16764251,1.309015588,72.21907757,24.84476544,47.05135236,1324.878444,504.7474986,0.9544,0.516090185,-0.237220545,-0.289525737,1.0339257,36.378,0.936,85.789,7.029,0.1461,2.812,4.893,2.98,3.073,0.2962,0.064,283
AF/T1/0,-68.55162427,78.01818363,4.40517,0.831209,60.1674995,0.99,489,7.1,1061,810,489.0860143,0.15,0.15,1.955245711,1.879497693,231.021986,5.660648802,84.59190774,9.74744346,18.61333009,1227.148633,374.9819885,1.12326,0.459090959,-0.205536001,-0.261171431,1.102402682,63.042,0.783,13.769,7.869,0.1238,4.22,5.249,3.285,1.386,0.1902,0.034,840
AF/T1/100,-68.55091815,78.01969416,2.8805599,0.987712,40.9365005,0.941,11700,8.8,5110,1300,16778.01821,0.15,25.1006505,54.05626258,0.15,2430.412864,8.261415091,86.96711427,4.771470643,10.83940969,1079.048716,284.3199155,1.201615,0.434824379,-0.127297425,-0.197656665,1.131900489,59.301,0.785,12.994,7.837,0.1157,4.06,6.463,4.606,1.421,0.211,0.502,27456
AF/T1/102,-68.5509027,78.01972064,2.8464401,0.983402,39.1427994,0.975,4030,8.6,1002,820,4576.274892,0.776064123,5.362352745,11.560852,0.15,1882.581356,3.299927714,90.66396342,6.036108866,17.98801746,1248.590159,368.9987548,1.169795,0.444520409,-0.244071735,-0.276020095,1.071562279,63.382,0.771,13.279,7.912,0.1244,4.162,5.324,3.563,1.343,0.1793,0.322,8649
AF/T1/2,-68.55161007,78.01821664,4.3779998,0.827864,65.0664978,0.987,117,7.8,812.5,820,75.82121127,0.15,0.15,0.76,1.507836547,79.10150469,5.190664725,92.62867451,2.180660764,16.09314386,902.6195928,305.8838236,0.843945,0.557150539,-0.253002546,-0.328361986,1.410627237,64.542,0.756,13.67,7.289,0.1143,3.875,5.149,3.328,1.372,0.1833,0.017,211
AF/T1/200,-68.5501738,78.02103134,1.76878,0.370316,310.1010132,0.992,3760,8.1,1742,970,4598.193013,0.789280085,5.305999025,54.57235274,3.126567564,1435.980542,7.826246062,67.85013129,24.32362264,35.69584588,1435.755412,624.4426028,0.61363,0.653577917,-0.167862253,-0.338790026,1.779891257,61.532,0.84,14.258,7.986,0.1092,4.044,5.223,3.848,1.583,0.2514,0.214,9452
AF/T1/202,-68.5501595,78.02106158,1.76811,0.368125,310.1010132,0.996,1590,7.7,937.9,960,0.15,0.15,1.395300576,12.47388854,18.21779373,545.1730242,5.762172478,85.55783858,8.67998894,13.75480979,1148.427673,294.9266433,1.100415,0.466417767,-0.15216305,-0.198843361,1.188743025,64.073,0.713,14.354,6.967,0.1037,3.73,5.007,3.66,1.618,0.1857,0.095,3869
AF/T2/0,-68.55163368,78.01821475,4.39467,0.830683,60.1674995,0.965,1890,7,1604,1100,0.15,0.15,1.40882692,9.098477532,1.536045404,465.0730846,15.66721069,71.52282992,12.80995939,5.87013745,952.4201179,213.8132567,1.33022,0.397744131,-0.108937855,-0.16807056,1.131031327,62.031,0.841,14.165,7.827,0.1123,4.233,5.391,3.535,1.562,0.252,0.054,3158
AF/T2/100,-68.55092677,78.01973652,2.8712699,0.971487,43.6124992,0.943,4490,8.5,2162,910,5441.494157,0.771666601,9.424289515,17.70352536,0.15,1647.881579,9.256336758,73.39320797,17.35045527,5.208667285,923.875273,228.2368236,1.42939,0.371324504,-0.168303275,-0.227195607,1.070994517,60.944,0.832,13.447,8.855,0.1274,4.374,5.55,3.553,1.473,0.2094,0.368,9901
AF/T2/102,-68.55091181,78.0197626,2.83816,0.966972,39.1427994,0.965,1970,7.8,725.3,840,0.15,0.15,0.518183894,2.625797231,0.15,0.15,4.26686883,90.69567331,5.037457856,13.18864354,1205.348224,376.5920232,1.018065,0.493812905,-0.248932764,-0.324079984,1.311152151,62.825,0.857,13.658,8.108,0.1234,4.184,5.375,3.241,1.387,0.1812,0.471,1675
AF/T2/2,-68.55161974,78.01824459,4.36936,0.827833,60.1674995,0.981,4370,8.8,1765,1300,4497.398264,0.7527834,2.21492039,11.24349566,3.122120898,2224.571459,12.90850486,80.68880968,6.40268546,5.567517874,984.5865931,215.0918505,1.415725,0.374857992,-0.106459574,-0.160919766,1.080709675,60.985,0.872,13.881,8.686,0.1209,4.342,5.298,3.722,1.591,0.2535,0.249,8122
AF/T2/200,-68.55018705,78.02107627,1.7835,0.368925,310.1010132,0.995,922,8.1,767.2,580,0.15,0.15,0.81171736,0.76,0.15,681.6020739,3.212770417,90.66285281,6.124376776,13.69079468,1124.606274,347.5678784,1.045195,0.484614389,-0.342478726,-0.368646781,1.246937684,62.798,0.887,13.665,8.294,0.1296,4.288,5.339,3.27,1.335,0.177,0.085,1625
AF/T2/202,-68.55017309,78.02110657,1.78224,0.365683,310.1010132,0.998,944,8.2,972.1,760,0.15,0.15,0.979079628,6.522176601,1.75732241,204.4619519,3.382315485,89.25736682,7.3603177,23.60211571,1432.832533,441.2767132,1.166495,0.445538261,-0.076340225,-0.1574945,1.040634972,64.85,0.645,14.086,6.707,0.1068,3.779,5.267,3.519,1.429,0.1776,0.03,950
AF/T3/0,-68.5516471,78.01825411,4.3825002,0.828591,60.1674995,0.974,2470,7.3,1910,1400,3086.025648,0.714002829,2.563701431,20.85463295,1.634060165,378.2969081,13.00208493,79.38267392,7.615241158,5.438219128,885.2519367,232.0308165,1.36109,0.389324657,-0.172464772,-0.246273955,1.106094272,61.872,0.812,13.758,8.329,0.1147,4.184,5.239,3.551,1.483,0.2322,0.062,4546
AF/T3/100,-68.550939,78.01977853,2.86678,0.95474,43.6124992,0.933,6200,7.8,1223,980,6663.333674,0.15,13.05067128,19.22608333,0.15,4273.010573,8.097412674,82.6214723,9.281115029,1.084600909,536.1951221,78.56026207,1.219715,0.429403703,-0.20694016,-0.224585344,1.503550984,62.04,0.847,13.602,8.386,0.1181,4.21,5.321,3.845,1.438,0.2065,0.431,13660
AF/T3/102,-68.55092317,78.01980162,2.83412,0.95125,43.6124992,0.983,533,7.8,550.7,780,276.4846746,0.15,0.15,0.892260058,0.15,782.9203933,2.672246293,92.91283341,4.414920293,25.56847632,1183.05734,398.231569,0.924225,0.52699716,-0.209320507,-0.278225558,1.226550468,63.646,0.815,13.616,8.017,0.128,4.129,5.208,3.261,1.377,0.164,0.072,634
AF/T3/2,-68.55163244,78.01828692,4.3559599,0.823761,60.1674995,0.976,1230,8.9,1730,1600,0.15,0.15,1.284875215,2.981312022,1.93735091,487.9263439,10.98752401,81.9086205,7.103855494,10.39310109,946.6939451,231.4903708,1.31295,0.402533519,-0.031911473,-0.095082204,1.015920225,61.444,0.961,14.11,8.506,0.12,4.167,5.332,3.452,1.646,0.282,0.076,2652
AF/T3/200,-68.55019814,78.0211121,1.79591,0.368545,310.1010132,0.99,296,7.6,688.4,1000,92.15285237,0.15,0.15,0.76,0.15,466.7890058,5.795557055,82.86810949,11.33633346,12.89048182,1321.384201,379.4220511,1.24877,0.420843118,-0.191792098,-0.252802151,1.096094951,64.111,0.708,14.062,7.223,0.1107,3.863,5.131,3.383,1.474,0.1837,0.05,326
AF/T3/202,-68.55018353,78.02113898,1.7924401,0.363496,310.1010132,0.994,230,6.6,814,730,214.3351063,0.15,0.15,0.75889514,0.15,137.4605363,3.320899669,87.77587489,8.903225439,15.3972872,1343.596554,391.7887948,1.35407,0.391223496,-0.223439081,-0.261073997,0.975698401,64.87,0.666,14.284,6.481,0.1009,3.535,4.991,3.533,1.531,0.1762,0.017,608
HV/T1/0,-68.57783479,78.00607381,8.61446,1.81801,331.3039856,0.908,5480,8.5,1617,800,7768.540521,0.15,0.15,6.202709857,1.752720131,1040.519732,32.32895405,62.17393374,5.497112211,1.955427822,830.2110274,159.810726,1.609195,0.327817629,-0.143144967,-0.182297754,1.111676142,60.591,0.833,13.577,9.066,0.1358,4.501,5.332,3.604,1.538,0.214,0.131,9026
HV/T1/100,-68.57868126,78.00530884,11.4035997,2.8496101,19.6711006,0.949,398,9.2,1466,670,364.8610551,0.15,0.15,1.028014297,2.802327435,215.1169341,20.57988551,68.4331492,10.98696528,1.726061997,1098.024313,233.5850243,2.197595,0.218033841,-0.019248582,-0.098041174,0.868424197,61.12,0.893,13.573,9.616,0.1456,4.793,5.565,2.95,1.396,0.1714,0.081,1073
HV/T1/102,-68.57869999,78.0052991,11.5092001,2.9124501,19.6711006,0.903,635,9.7,2143,890,488.2049956,0.15,0.15,0.76,6.090787744,196.0197973,40.18088429,53.96852691,5.850588803,0.897705591,670.6769848,123.8975683,2.06213,0.239496334,-0.166012456,-0.193408777,0.948521873,60.829,0.877,13.271,9.774,0.1356,5.025,4.64,2.74,1.925,0.1924,0.051,1083
HV/T1/2,-68.57785159,78.00605502,8.6572599,1.79241,339.1610107,0.912,5250,7.4,1571,720,7249.160787,0.737371681,1.449832157,15.9082958,0.15,645.5489781,34.23271138,57.40019097,8.367097646,1.666064535,592.0208946,125.4424756,1.735245,0.300394001,-0.179321005,-0.215427345,1.000598064,62.192,0.824,13.062,9.028,0.1195,4.594,4.816,3.293,1.626,0.1906,0.091,13303
HV/T1/200,-68.57952948,78.00455532,14.9702997,1.13651,75.1352997,0.959,144,9.7,2154,740,41.61273985,0.15,0.15,0.76,3.419670817,32.88650885,14.69582392,62.07893671,23.22523937,2.8112939,1125.042888,236.788157,1.67365,0.313495528,0.033852097,-0.073124538,1.058417281,61.042,0.806,13.716,9.849,0.1496,4.697,5.485,2.763,1.521,0.1701,0.053,303
HV/T1/202,-68.57954464,78.00453017,15.0008001,1.0404,75.1352997,0.954,517,9.5,1882,630,588.5429059,0.671576862,0.15,0.76,2.053382493,103.6257593,14.08008133,74.16834177,11.7515769,2.085819453,892.0830922,195.8220025,1.786555,0.289899152,-0.014517325,-0.112188403,1.002527027,63.421,0.797,13.087,8.806,0.1356,4.38,5.029,2.824,1.456,0.1816,0.028,1095
HV/T2/0,-68.57782833,78.00602663,8.5683804,1.80639,339.1610107,0.904,3000,8.3,1884,770,3358.452351,0.707295839,0.15,3.449871541,1.847629947,981.5534092,33.26803663,56.05226785,10.67969552,1.571992446,577.2947458,117.6097761,1.7809,0.2910376,-0.201339586,-0.22751518,0.980413523,62.44,0.846,13.235,8.733,0.1245,4.439,5.015,3.205,1.562,0.1934,0.11,4500
HV/T2/100,-68.57867393,78.00526999,11.3970003,2.90013,13.9505997,0.933,779,9.2,1628,680,707.2361701,0.15,0.15,0.852623317,4.456443965,504.4060058,28.39663463,55.20769404,16.39567133,1.518739342,776.7810979,134.6636807,1.68615,0.310791298,-0.079536977,-0.124704405,1.093587681,61.297,0.877,13.508,9.433,0.1352,4.864,5.11,2.946,1.656,0.1959,0.076,1481
HV/T2/102,-68.57869127,78.00525084,11.5052004,2.9776399,19.6711006,0.921,439,10,1446,780,204.7114656,0.15,0.15,0.76,8.716460821,96.22028831,34.95662647,58.69710196,6.346271569,1.122857061,547.6211227,120.7059157,2.153535,0.224794647,-0.020247684,-0.082016347,0.849714235,60.468,0.901,13.591,9.793,0.1356,4.992,5.029,2.822,1.802,0.1967,0.044,676
HV/T2/2,-68.57784488,78.00601067,8.6133204,1.78234,339.1610107,0.914,260,9,1756,730,260.1659104,0.15,0.15,1.004482849,6.01233937,65.08757705,30.20844689,46.67201346,23.11953966,1.411720305,842.9739768,151.0668302,1.84593,0.278211495,-0.163465684,-0.195134216,1.023728721,62.727,0.821,13.413,8.592,0.1191,4.442,4.813,2.943,1.606,0.1884,0.025,710
HV/T2/200,-68.57952041,78.00450317,14.9960003,1.12284,75.1352997,0.97,443,8.9,2174,690,501.9424121,0.15,0.15,0.76,1.846243417,158.0444569,9.130775388,73.5451898,17.32403481,3.868365959,1526.227472,506.9917672,2.05767,0.240237793,-0.430585876,-0.483883724,0.85884484,59.281,0.954,13.649,11.348,0.1831,5.002,5.791,2.707,1.312,0.1637,0.083,835
HV/T2/202,-68.57953617,78.00448251,15.0221004,1.0321,75.1352997,0.925,2270,8.7,2264,810,0.15,0.714931695,0.15,1.156799201,0.15,723.0789374,25.12182975,60.56073043,14.31743982,2.921651872,1076.329648,195.1428038,1.70952,0.305797887,0.25362045,0.12715978,1.021895514,60.392,0.852,13.547,9.816,0.1506,4.944,5.325,2.898,1.459,0.2033,0.084,4339
HV/T3/0,-68.57782167,78.00596496,8.5141697,1.7891999,339.1610107,0.938,451,8.1,1002,720,544.739974,0.15,0.15,0.995234689,1.604258902,145.8390176,13.09954476,71.04027034,15.8601849,5.39040729,1451.676509,393.1623753,1.81024,0.285179143,-0.09821354,-0.187772662,0.913870989,61.508,0.891,13.961,9.652,0.1471,4.507,5.481,2.991,1.399,0.196,0.061,917
HV/T3/100,-68.57866558,78.00522819,11.3857002,2.9521999,13.9505997,0.953,149,9.3,1154,730,138.4242471,0.15,0.15,0.76,2.747838202,33.10057031,12.91971435,76.62467642,10.45560923,4.561297547,1173.957353,272.7745692,1.86165,0.275196781,-0.013904927,-0.099121021,0.881436484,61.386,0.913,13.637,9.691,0.1451,4.621,5.638,2.936,1.351,0.192,0.049,511
HV/T3/102,-68.57868208,78.00520962,11.4905996,3.0276501,23.6418991,0.915,1100,9.5,1466,740,0.15,0.15,0.15,0.76,8.536942457,412.8525314,35.86906728,58.82231816,5.308614555,1.265128813,723.3220314,145.0175533,2.0022,0.249653581,-0.206747774,-0.234853021,0.937412494,61.676,0.856,13.444,9.221,0.1288,4.633,4.956,3.038,1.641,0.1976,0.061,2300
HV/T3/2,-68.57783812,78.00594526,8.55832,1.76445,339.1610107,0.901,2170,8.1,1445,720,0.15,0.683959243,0.15,3.959257028,2.456473339,758.6697492,38.92698669,57.59707862,3.475934694,1.404935876,739.124858,130.0644294,1.730415,0.301401275,-0.074010289,-0.126391117,1.070430466,62.385,0.849,13.289,8.684,0.1173,4.622,4.972,3.064,1.676,0.203,0.1,4422
HV/T3/200,-68.57950966,78.00446429,15.0235004,1.1759599,75.1352997,0.922,5370,7.9,2085,660,4192.304624,0.15,0.445677244,4.985708069,1.297851315,4667.36718,25.88605522,58.20372761,15.91021718,1.733892295,681.7619556,143.5631357,1.73756,0.299912412,-0.18323382,-0.218970546,1.016489252,60.947,0.841,13.243,9.134,0.1329,4.858,5.434,3.09,1.572,0.1802,0.496,5935
HV/T3/202,-68.57952524,78.0044411,15.0523996,1.14147,75.1352997,0.926,2440,8.3,1710,650,349.2493221,0.15,0.15,0.76,0.15,0.15,21.52369877,62.18321458,16.29308665,2.002461194,965.1198402,189.9813027,1.749545,0.297431496,-0.065530887,-0.135972745,1.043923645,60.613,0.854,13.272,9.37,0.1366,4.673,5.987,2.767,1.487,0.1904,1.044,811
OW/T1/0,-68.60009771,77.95220576,19.9078007,3.74877,140.4259949,0.975,520,9.2,1769,510,583.8321842,0.15,0.15,2.461508873,2.224546329,155.0121914,9.630558289,80.2484762,10.12096551,5.527757339,1304.159208,353.0723716,1.73569,0.300301368,-0.1725355,-0.251635712,0.930584936,61.463,0.837,13.552,10.078,0.1551,4.743,5.137,2.868,1.321,0.1653,0.059,993
OW/T1/100,-68.59969881,77.95439107,18.3188992,0.336236,119.6940002,0.883,13300,8.4,3990,710,0.15,0.15,17.72046465,5.67035433,0.15,762.5727675,28.98017399,69.54327484,1.476551179,2.129056572,462.2194903,124.2059245,1.42413,0.372680672,-0.336557776,-0.367103451,1.116905656,59.712,0.79,13.428,8.402,0.1154,4.745,5.286,4.406,1.847,0.1956,0.112,34606
OW/T1/102,-68.59969094,77.95444016,18.3157997,0.344979,119.6940002,0.89,15300,8.5,4484,610,0.15,0.15,17.78477643,1.690789151,0.15,542.8062982,39.13252754,52.88867793,7.978794523,1.436486351,500.3189494,102.9959115,1.62185,0.324954945,-0.218406313,-0.250672527,1.066905482,61.357,0.764,12.439,8.16,0.1249,4.76,5.388,3.752,1.628,0.176,0.084,28050
OW/T1/2,-68.60009083,77.95225026,19.8658009,3.7037399,129.1239929,0.908,8580,8.3,5869,690,10968.84372,0.309624927,3.147007453,44.22053053,0.15,3167.310726,34.10052321,62.49953616,3.399940629,1.190150718,717.8378996,149.6961469,2.21579,0.215301577,-0.190432668,-0.216682343,0.854186891,58.332,0.972,12.791,10.838,0.1372,5.29,4.695,3.255,1.661,0.188,0.441,18100
OW/T1/200,-68.59930911,77.95659397,18.5389004,2.04059,277.1600037,0.916,619,7.9,3070,680,0.15,0.15,0.15,3.65338429,1.53141862,133.6638186,29.08263035,64.78068815,6.136681496,1.184480366,785.1988691,145.4263246,2.082475,0.236142972,-0.095202691,-0.136556882,0.922280963,60.371,0.909,13.673,10.305,0.1293,4.887,4.698,2.798,1.739,0.1796,0.047,1887
OW/T1/202,-68.59930008,77.9566359,18.5925007,2.0558901,277.1600037,0.985,114,9.2,1304,710,104.2819584,0.15,0.15,0.76,2.516451752,21.2588262,4.538666667,79.14453333,16.3168,9.732121183,1374.150481,415.308685,1.660735,0.316314256,-0.296365441,-0.340200022,0.881198069,60.878,0.849,13.67,11.057,0.1706,4.958,5.104,2.65,1.316,0.1542,0.037,360
OW/T2/0,-68.6001128,77.95222662,19.7877998,3.5508299,129.1239929,0.958,2000,9.3,1547,890,0.15,0.15,0.15,7.198184236,1.826332266,444.4416095,11.45539843,78.59706208,9.947539498,2.469611806,1247.119749,338.6256701,2.13813,0.227207608,-0.367642908,-0.396003946,0.860651329,62.681,0.706,13.184,9.164,0.1359,4.47,4.748,2.818,1.392,0.2168,0.083,3952
OW/T2/100,-68.59971566,77.95441188,18.3122997,0.267334,119.6940002,0.887,12700,8.5,4504,670,0.15,0.15,16.27395966,2.109679723,0.15,645.3076365,41.97853881,54.71415525,3.307305936,1.019720863,575.6963618,118.4609806,1.9049,0.267069996,-0.260331033,-0.284449134,0.983334395,61.339,0.756,12.464,8.137,0.1357,4.692,5.489,3.928,1.517,0.1829,0.087,31001
OW/T2/102,-68.59970798,77.95446059,18.3097,0.273108,119.6940002,0.889,13700,8.4,4668,660,0.15,0.15,18.54010321,1.374949106,0.15,745.9750193,42.22333044,51.60059152,6.176078039,0.945922757,505.8108888,109.7810037,2.01579,0.247313151,-0.275553067,-0.296833588,0.921277742,61.238,0.745,12.38,8.057,0.1326,4.659,5.417,3.806,1.582,0.1733,0.085,29038
OW/T2/2,-68.60010604,77.95227106,19.7500992,3.51774,129.1239929,0.976,82.7,9.2,1353,490,63.65329317,0.15,0.15,0.76,1.356077158,20.68986292,4.910892173,86.83686226,8.252245566,10.75797238,1433.965187,431.9412479,1.726475,0.302225445,-0.297063271,-0.330487756,0.837779717,62.224,0.737,13.701,9.288,0.1495,4.461,5.198,2.864,1.36,0.1632,0.044,336
OW/T2/200,-68.59932416,77.95661894,18.5863991,2.0088601,277.1600037,0.919,840,7.2,4239,690,0.15,0.15,0.687413369,3.242055959,0.15,91.43085333,28.67461985,62.13467019,9.190709962,1.355912691,764.0611442,154.8693794,1.922995,0.26374152,-0.136162871,-0.187560156,0.973792631,59.514,0.928,13.963,10.669,0.1386,5.106,4.505,2.763,1.748,0.1912,0.056,1954
OW/T2/202,-68.59931563,77.95666339,18.6422997,2.0109899,277.1600037,0.985,147,9.7,1543,690,84.63212041,0.15,0.15,0.993960738,2.34671706,22.57018164,4.984320608,83.07308898,11.94259041,6.983325814,1427.95449,474.793447,1.73827,0.299764866,-0.442480321,-0.480355147,0.904873198,59.52,1.001,13.885,11.979,0.1832,5.067,5.16,2.592,1.346,0.1751,0.051,415
OW/T3/0,-68.60012912,77.9522501,19.6721992,3.35467,129.1239929,0.944,5310,8.3,5438,1200,1698.150145,0.15,0.15,9.447800663,0.15,8372.959964,14.85660429,72.36770906,12.77568665,2.296941772,1197.594914,266.9580264,2.110065,0.231670339,-0.156639589,-0.199495238,0.876576407,54.259,1.032,12.365,10.32,0.151,5.047,8.342,2.482,1.401,0.2261,4.618,3447
OW/T3/100,-68.59973262,77.95443532,18.3131008,0.251912,119.6940002,0.884,14900,8.4,3920,590,20693.50605,0.15,16.67251646,1.261195995,0.15,762.8010128,39.90996535,57.28712934,2.802905302,1.396460034,523.2999405,113.2244736,1.76876,0.293496712,-0.080478954,-0.146122476,0.990519801,61.197,0.772,12.428,8.192,0.1286,4.67,5.202,4.102,1.574,0.1846,0.104,34643
OW/T3/102,-68.59972373,77.95448059,18.3097992,0.253493,353.3080139,0.879,17700,8.5,5119,650,0.15,0.15,19.275677,1.234578152,0.15,0.15,41.08271635,48.01945929,10.89782436,0.920062827,552.6316137,111.4035072,1.939655,0.260713695,-0.277215154,-0.292838122,0.975157573,60.204,0.76,12.264,8.149,0.1328,4.792,5.52,4.207,1.624,0.1819,0.113,38085
OW/T3/2,-68.60012223,77.95229315,19.6345997,3.3404,129.1239929,0.909,7260,8.5,8969,950,4102.895325,0.15,1.742523779,19.66976288,0.15,9291.851177,23.77487803,71.15530522,5.069816753,1.782638642,592.7353476,139.1265958,2.133855,0.227881802,-0.240958586,-0.258993456,0.804480854,59.548,0.946,12.597,8.681,0.1175,4.729,5.567,3.005,1.582,0.232,1.037,6725
OW/T3/200,-68.59934009,77.95664338,18.6324005,1.96694,277.1600037,0.887,1190,7.1,7138,630,0.15,0.15,1.120062905,7.699171138,0.15,112.8993136,26.94351524,70.67316576,2.383318997,1.772866969,360.0776601,96.46682135,1.472295,0.360445166,-0.296744469,-0.339175096,1.066985918,62.856,0.79,13.243,8.168,0.0958,4.202,4.351,2.937,1.677,0.1669,0.051,2695
OW/T3/202,-68.59933215,77.95668727,18.6872997,1.9691499,277.1600037,0.937,236,7.2,2044,720,286.5625,0.15,0.15,1.100592243,2.72024109,34.14719602,22.4635055,66.88846044,10.64803406,1.748689669,701.6774967,157.4492385,1.83339,0.280640025,-0.269051952,-0.298432206,0.966630704,60.701,0.909,13.779,10.484,0.144,4.844,4.533,2.732,1.608,0.1889,0.029,670
RL/T1/0,-68.49379819,78.10926256,8.2243099,2.48281,225.3630066,0.88,272,7.1,894.7,1800,359.6001811,0.15,0.748616591,1.389588966,2.172455988,40.94883821,8.852773395,86.78092001,4.366306591,10.56048571,1011.670863,267.9499479,1.37562,0.385423668,-0.119974776,-0.179593825,0.980469969,59.261,1.095,15.107,8.987,0.1175,3.899,5.576,3.908,2.162,0.3757,0.055,826
RL/T1/100,-68.49316607,78.11097645,14.7229996,3.9426799,167.8769989,0.955,4320,8.4,1268,1400,4891.421252,0.767281765,2.60396249,60.39946144,5.279857645,1625.67824,17.38105244,62.99216022,19.62678734,2.755653102,1456.151032,383.2866496,2.120295,0.230033562,-0.058350128,-0.162145972,0.874216235,58.702,1.027,14.538,9.19,0.1201,4.34,5.332,3.981,2.255,0.324,0.201,7254
RL/T1/102,-68.49315624,78.1110195,14.7954998,3.8284199,157.5480042,0.978,295,8.9,1153,1300,318.8867665,0.15,0.537743159,3.135144079,8.882908225,99.97457018,11.31487968,80.31303783,8.37208249,2.650977241,1241.487727,357.5427167,2.12256,0.229672734,-0.418801406,-0.447947235,0.856463653,59.452,1.106,14.429,9.673,0.1235,4.321,5.508,3.522,2.181,0.3167,0.074,583
RL/T1/2,-68.49378616,78.10929862,8.3134604,2.5152099,225.3630066,0.884,1290,6.9,1393,2200,0.15,0.15,2.849483386,3.324397283,6.041109041,201.9967111,33.4291873,59.47596686,7.094845843,2.441781799,697.4636817,125.5773866,1.52797,0.34680155,-0.147377453,-0.170953511,1.094085295,57.333,1.17,14.889,10.227,0.1183,4.295,5.243,3.781,2.23,0.5283,0.087,3122
RL/T1/200,-68.49268679,78.11302935,13.6307001,3.27583,105.6940002,0.941,14500,7.7,1319,1200,0.15,0.15,4.546325682,69.28400501,1.478804837,0.15,31.36147108,54.09579867,14.54273025,1.249208494,995.6150888,191.8541422,2.448055,0.183288596,-0.006337225,-0.054733546,0.806798914,57.322,0.903,14.873,9.318,0.1289,4.621,4.37,5.292,2.453,0.2967,0.215,33984
RL/T1/202,-68.49267551,78.11306898,13.5618,3.38148,105.6940002,0.941,6220,7.8,1973,1000,8799.968612,0.751156168,4.531809726,29.2801669,1.850530426,930.2397571,26.35786747,48.73881142,24.9033211,1.567444417,761.1696798,121.6644806,1.53844,0.344294084,-0.117393341,-0.15286431,1.188618895,55.694,0.812,14.743,10.525,0.1457,5.862,5.048,3.856,2.632,0.2538,0.155,15265
RL/T2/0,-68.49380978,78.10929839,8.2326603,2.4725001,225.3630066,0.88,342,7.2,1234,1700,452.7136995,0.15,1.037041987,1.251430475,5.125380592,64.42623347,17.11111681,74.71791056,8.170972625,4.815362088,1149.82954,261.1706425,1.563075,0.338465514,-0.106791656,-0.169931433,1.035626758,58.535,1.148,14.922,9.695,0.1223,4.295,5.796,3.822,1.957,0.4241,0.054,1406
RL/T2/100,-68.49318282,78.11099973,14.5927,4.0081601,167.5700073,0.959,1500,9.5,1687,1800,0.15,0.15,1.280621215,16.25366393,7.737289393,250.9238496,20.56573514,65.89308016,13.5411847,1.90976389,767.9743332,156.0264849,1.84357,0.278666928,-0.100463197,-0.13897323,0.961640979,59.147,1.054,14.439,9.467,0.1191,4.31,4.949,3.582,2.357,0.4228,0.065,2430
RL/T2/102,-68.49317235,78.11104315,14.6694002,3.8944299,157.5480042,0.959,5240,8.2,1560,1900,0.15,0.15,2.472906525,18.67069712,0.15,0.15,12.8626495,68.85158672,18.28576378,2.564654144,1016.633728,222.7855442,1.83435,0.280453362,-0.019911746,-0.100286803,0.96416205,57.48,1.021,13.723,9.13,0.1173,4.165,6.741,3.554,2.169,0.3615,2.251,4859
RL/T2/2,-68.49379753,78.10933318,8.32026,2.4983499,225.3630066,0.888,294,7.1,1408,2300,375.2217802,0.15,0.817768185,1.690054249,11.49336013,54.94906585,36.06584794,53.58552141,10.34863065,1.997927573,780.0670283,123.5431138,1.76653,0.293950681,-0.023131064,-0.05322973,0.998640894,57.152,1.204,14.739,10.404,0.1332,4.565,5.704,3.649,2.087,0.567,0.051,1020
RL/T2/200,-68.49269971,78.11305969,13.5341997,3.2518899,105.6940002,0.938,3280,7.4,1114,1700,0.15,0.221136435,3.220900249,22.12806544,3.648751177,312.6196167,28.25837972,57.60177941,14.13984087,1.583442286,1474.534931,366.6991794,2.66173,0.158059015,-0.020013845,-0.105428387,0.759319112,57.456,1.093,14.935,10.055,0.1279,4.597,5.047,3.91,2.418,0.3949,0.069,7542
RL/T2/202,-68.49269046,78.11310361,13.4518003,3.35568,105.6940002,0.927,3290,8.6,2264,1500,4411.221985,0.72850477,2.728124758,19.72489466,2.461843705,356.726177,44.16588373,47.45971309,8.374403182,1.280648262,712.8695485,98.52050521,1.66506,0.315367503,0.026263246,-0.006145575,1.122469766,56.697,1.039,15.032,9.826,0.1311,4.68,4.804,3.737,2.722,0.3899,0.071,8970
RL/T3/0,-68.49382588,78.10934362,8.2376404,2.4454701,225.3630066,0.872,195,7.1,1071,1600,231.0365063,0.15,0.578929127,0.76,2.432475324,34.47790524,12.01257912,83.50971041,4.477710472,7.385237334,1170.682616,280.7741291,1.48828,0.356473886,-0.021737522,-0.107633619,1.006290075,58.37,1.157,15.211,9.611,0.119,4.081,5.89,3.913,1.914,0.4454,0.047,750
RL/T3/100,-68.4932045,78.11105542,14.4182997,4.0857301,167.5700073,0.939,1250,8.9,1301,1300,0.15,0.15,2.554252791,21.58642935,16.72736252,200.3841247,29.0953893,55.12752589,15.77708481,1.428394303,844.9570999,131.93041,1.839845,0.279387296,-0.040173691,-0.067624187,1.025605373,57.453,1.099,14.487,10.271,0.1287,4.718,5.578,3.326,2.199,0.3604,0.09,2284
RL/T3/102,-68.49319363,78.11109442,14.4982996,3.97631,167.5700073,0.952,4900,8.7,1787,1900,0.15,0.15,3.602473248,40.47342427,4.032835824,0.15,31.32937559,54.84429474,13.82632966,1.457690347,681.3178926,113.5412557,1.919515,0.264378409,-0.145464122,-0.147854122,0.946757683,58.6,0.989,14.262,9.426,0.1196,4.56,4.911,3.977,2.355,0.3939,0.163,10445
RL/T3/2,-68.49381294,78.10937815,8.3240604,2.4498601,225.3630066,0.868,421,6.6,1170,1800,576.7925805,0.15,1.14077034,0.89452476,2.04534594,70.19506656,14.01280826,82.79853811,3.188653624,4.454842062,808.2760472,204.9680898,1.550325,0.341469702,-0.059745885,-0.150899873,0.99177116,58.637,1.166,15.094,9.428,0.1185,4.113,5.681,3.875,1.937,0.4245,0.049,1218
RL/T3/200,-68.49271506,78.11308185,13.4534998,3.2149,105.6940002,0.948,3140,8.7,1690,1600,0.15,0.225248966,3.338690235,26.51430611,1.937141111,537.6442551,19.01022766,58.03506627,22.95470606,1.699221923,1191.748657,246.8749754,2.127535,0.228882171,-0.12508768,-0.178988325,0.91058104,57.533,1.094,15.165,10.014,0.1251,4.429,5.229,4.138,2.104,0.407,0.108,8471
RL/T3/202,-68.49270402,78.11312206,13.3838997,3.32584,105.6940002,0.931,4360,8.4,1176,1800,5620.319801,0.15,4.944895404,37.05466985,2.297428971,847.9780753,27.42366345,62.82909728,9.747239264,1.464384374,1045.39633,188.1411701,1.7977,0.287668494,-0.012971476,-0.084993767,1.080563325,56.265,1.045,15.809,9.87,0.1193,4.603,4.381,4.109,2.844,0.397,0.095,7086