Barcode,UserCode,Height,Depth,BiopileNumber,Months,DMF,Conductivity,pH,Nitrite,Nitrate,Ammonium,Ammonium_KCl,Ammonium_Borate,TKN,TN,Phosphorous,Phosphorous_bicarb,Potassium,Potassium_bicarb
89782,10/11 Casey BP3 protective layer B,,1.7,3,0.1,0.914550985,36.3,6.82,0.045731707,0.998033019,2.370341033,15.85535561,, , ,8.640434282,22.65855032, , 
89788,10/11 Casey BP3 protective layer E,,1.7,3,0.1,0.923576912,55.8,7.15,2.56,0.759570652,4.458275901,18.16853994,, , ,5.916377485,19.65555312, , 
89790,10/11 Casey BP3 protective layer F,,1.7,3,0.1,0.906865234,39.6,7.05,0.045731707,0.500228276,2.933459709,14.47134083,, , ,6.303001334,20.73260317, , 
89794,10/11 Casey BP3 protective layer G,,1.7,3,0.1,0.920872326,44.3,6.97,0.778964798,1.067922675,3.09644725,15.19852508,, , ,8.581904309,21.66516452, , 
89970,10/11 Casey BP3 1.5m height -1m,1.5,0,3,0.1,0.91797311,30.5,6.52,0.045731707,0.451688638,2.042093986,13.83403047,, , ,8.381883837,19.89521556, , 
89974,10/11 Casey BP3 1.5m height -7m,1.5,0,3,0.1,0.94477658,25.7,6.66,0.045731707,0.56383955,0.59672522,2.264263862,, , ,7.601175778,13.44044978, , 
89980,10/11 Casey BP3 1.5m height -12.5m,1.5,0,3,0.1,0.94628933,24.4,6.65,0.045731707,0.512605099,0.78735643,4.133236634,, , ,7.837849626,22.20807233, , 
89905,10/11 Casey BP3 1m height A,1,0.5,3,0.1,0.898138582,29.9,6.52,0.045731707,0.817165873,2.10306924,20.04353084,, , ,9.040743694,21.93264713, , 
89913,10/11 Casey BP3 1m height E,1,0.5,3,0.1,0.908256344,29.2,6.42,0.045731707,0.797859051,1.734210001,16.62367617,, , ,9.674616887,23.11768457, , 
89920,10/11 Casey BP3 1m height H,1,0.5,3,0.1,0.904938169,31.8,6.48,0.741950585,0.561441986,2.264891127,19.80680217,, , ,7.849409594,21.11761505, , 
89811,10/11 Casey BP3 0.5m height C,0.5,1,3,0.1,0.904606956,38.7,6.89,0.763714422,0.967921564,2.710235276,16.92004605,, , ,9.161784872,22.62574857, , 
89816,10/11 Casey BP3 0.5m height G,0.5,1,3,0.1,0.893972295,34,6.83,0.045731707,0.596742979,2.229058029,13.03817918,, , ,8.222227823,27.34768965, , 
89820,10/11 Casey BP3 0.5m height J,0.5,1,3,0.1,0.893943678,35.8,6.37,0.045731707,0.829382166,2.710084169,18.3320723,, , ,8.795887934,22.52564713, , 
89827,10/11 Casey BP3 0.5m height O,0.5,1,3,0.1,0.910654662,37.9,6.68,0.045731707,1.144856032,2.315348032,15.81677931,, , ,7.840836275,22.23940944, , 
89829,10/11 Casey BP3 0.5m height Q,0.5,1,3,0.1,0.908510212,37.7,6.65,0.045731707,0.725211928,2.532366691,18.92985434,, , ,8.842950769,21.96249491, , 
99148,Soil Sample Cell 3 - A ,1.5,0.1,3,8.526027397,0.946,466,6.52,0.045731707,136.52,150.34,233.9004625,, , ,206.4502233,846,712.9077772, 
99164,Soil Sample Cell 3 - E ,1.5,0.1,3,8.526027397,0.936,878,5.34,0.045731707,370.61,168.82,281.2790685,, , ,253.7661493,1110,1209.56087, 
99196,Soil Sample Cell 3 -I ,1.5,0.1,3,8.526027397,0.899,460,5.61,0.045731707,180.94,105.36,181.8042489,, , ,194.2224849,876,709.0466319, 
99152,Soil Sample Cell 3 - B ,1,0.4,3,8.526027397,0.891,29.14,6.62,0.420731707,0.7,2.92,24.0089363,, , ,6.522344318,428,9.662694533, 
99168,Soil Sample Cell 3 - F ,1,0.4,3,8.526027397,0.898,42.4,6.71,0.408536585,5.18,10.46,58.93117382,, , ,9.387904373,437,12.55545082, 
99191,Soil Sample Cell 3 - J ,1,0.4,3,8.526027397,0.891,24.78,6.75,0.405487805,0.67,2.26,18.96422945,, , ,6.271528455,474,8.069216615, 
99156,Soil Sample Cell 3 - C ,0.5,0.9,3,8.526027397,0.932,97.1,7.55,0.423780488,10.9,80.05,216.7470048,, , ,17.11012973,320,20.72913432, 
99172,Soil Sample Cell 3 - G - Ziplock,0.5,0.9,3,8.526027397,0.917,214.5,7.39,0.045731707,66.47,96.17,415.8819356,, , ,27.7470241,622,50.61106135, 
99160,Soil Sample Cell 3 - D ,0,1.4,3,8.526027397,0.904,30.8,6.84,0.399390244,1.79,6.52,72.80097997,, , ,6.435207669,349,10.83165086, 
99177,Soil Sample Cell 3 - H - Ziplock,0,1.4,3,8.526027397,0.885,87.8,6.49,0.414634146,29.57,24.6,84.02713618,, , ,13.90868726,478,27.30214469, 
99181,Soil Sample Cell 3 - L ,0,1.4,3,8.526027397,0.902,177.6,6.23,0.417682927,77.54,30.6,130.0057344,, , ,33.70786587,508,87.54579829, 
99814,Soil Sample Cell 3 - A ,1.5,0,3,9.97260274,0.915,215.3,8.39,0.408536585,28.02,0.43,408.137763,, , ,31.73549879,280.7478414,32.87009633, 
99819,Soil Sample Cell 3 - E ,1.5,0,3,9.97260274,0.884,363,6.67,0.045731707,2.62,5.67,31.62253659,, , ,6.624192016,298.0247459,13.4574049, 
99823,Soil Sample Cell 3 - H ,1.5,0,3,9.97260274,0.932,146.4,6.61,0.045731707,38.37,100.04,307.5952276,, , ,42.19275568,497.4562545,75.65209068, 
99815,Soil Sample Cell 3 - B ,1,0.5,3,9.97260274,0.885,35.8,6.65,0.045731707,3.07,5.36,135.5282275,, , ,6.095589089,327.5109468,10.93591043, 
99820,Soil Sample Cell 3 - F ,1,0.5,3,9.97260274,0.895,380,8.74,0.432926829,56.14,297.35,1200.847817,, , ,62.2057314,461.4762553,72.53507001, 
99816,Soil Sample Cell 3 - C ,0.5,1,3,9.97260274,0.941,32.7,6.97,0.045731707,2.69,7.78,124.3696877,, , ,7.283111547,214.2998009,11.66750985, 
99821,Soil Sample Cell 3 - G ,0.5,1,3,9.97260274,0.891,50.5,7.08,0.045731707,2.47,17.77,365.5951886,, , ,5.709029873,318.1835238,13.07309873, 
99817,Soil Sample Cell 3 - D ,0,1.5,3,9.97260274,0.962,1380,8.55,0.423780488,331.39,572.52,926.261263,, , ,413.2751756,1021.064848,1411.16827, 
100149,Cell 3 Height 1.0m Sample 3 ,1,0.5,3,11.66886606,0.908,347,8.1,0.62804878,58.77,173.25,848.436075,, , ,37.98,405,72.6649023, 
100146,Cell 3 Height 0.5m Sample 3 ,0.5,1,3,11.66886606,0.9,335,8.06,0.457317073,50.51,177.79,996.6573541,, , ,26.85,317,53.77101388, 
101644,november biopile 3: cut 2E nutrient,0,1.2,3,20.46027397,0.9092,517,8.88,1,66,370,1300,, , ,67,488, , 
101616,november biopile 3: cut 1A nutrient,0,1.1,3,20.46027397,0.904857046,540,9.04,1,54,470,1200,, , ,70,529, , 
101625,november biopile 3: cut 1B nutrient,0.4,0.7,3,20.46027397,0.927847442,534,9.06,1,57,450,1100,, , ,87,657, , 
101632,november biopile 3: cut 1C nutrient,0.8,0.3,3,20.46027397,0.935583741,570,9.09,1,57,490,1400,, , ,100,795, , 
101638,november biopile 3: cut 1D nutrient,1.1,0,3,20.46027397,0.973074151,480,8.51,1,120,250,1000,, , ,35,594, , 
101678,november biopile 3: cut 3K nutrient,0.4,0.9,3,20.46027397,0.916685123,389,8.58,1,68,210,1100,, , ,41,691, , 
101684,november biopile 3: cut 3M nutrient,0.9,0.3,3,20.46027397,0.913201049,233.6,8.3,1,33,120,670,, , ,27,626, , 
101652,november biopile 3: cut 2F nutrient. 0.4 m height.,0.4,0.8,3,20.46027397,0.9258,622,8.98,1,71,490,1400,, , ,92,581, , 
101659,november biopile 3: cut 2G nutrient. 0.9m height.,0.9,0.3,3,20.46027397,0.9159,687,8.99,1,91,520,1300,, , ,99,675, , 
101666,november biopile 3: cut 2H nutrient. 1.2 m height.,1.2,0,3,20.46027397,0.9711,447,8.77,1,73,270,1000,, , ,62,601, , 
101672,november biopile 3: cut 3J nutrient. 0m height.,0,1.2,3,20.46027397,0.9081,577,8.91,1,93,410,1300,, , ,82,693, , 
101689,november biopile 3: cut 3N nutrient. 1.2m height.,1.2,0,3,20.46027397,0.954,215.4,8.07,1,38,92,690,, , ,21,532, , 
102248,january biopile 3: cut 1C TPH,0.75,0.75,3,23.25479452,,418,8.95,1,48,270,970,, , ,54,481, , 
102255,january biopile 3: cut 1D TPH,1.1,0.4,3,23.25479452,,411,8.79,1,69,210,910,, , ,40,390, , 
105636,january biopile 3: cut 2H TPH,0,1.1,3,23.25479452,,645,9.09,1.2,35,510,1500,, , ,85,392, , 
102241,january biopile 3: cut 1B TPH,0.4,1.1,3,23.25479452,,369,8.86,1,55,220,1000,, , ,47,416, , 
102262,january biopile 3: cut 2E TPH,1.1,0,3,23.25479452,,457,8.89,1,78,290,1300,, , ,54,449, , 
102270,january biopile 3: cut 2F TPH,0.7,0.4,3,23.25479452,,401,8.93,1,55,290,1200,, , ,47,406, , 
116164,january biopile 3: cut 3J TPH,1.1,0,3,23.25479452,,261,8.53,9.6,50,120,970,, , ,25,329, , 
116169,january biopile 3: cut 3K TPH,0.75,0.35,3,23.25479452,,179,8.59,1,30,86,690,, , ,26,338, , 
116175,january biopile 3: cut 3M TPH,0.4,0.7,3,23.25479452,,260,8.74,1,31,140,670,, , ,32,312, , 
116181,january biopile 3: cut 3N TPH,0,1.1,3,23.25479452,,154.8,8.18,1,17,64,440,, , ,23,346, , 
105629,january biopile 3: cut 2G TPH,0.3,0.8,3,23.26979072,,220.4,8.3,1,42,100,700,, , ,26,344, , 
123343,1314 Casey Dec Biopile 3: Cut 1A TPH,0.85,0.05,3,33.77534247,0.965551457,403,8.64,2.8,82,200,800,, , ,37,396, , 
123350,1314 Casey Dec Biopile 3: Cut 1B TPH,0.55,0.35,3,33.77534247,0.924717977,313,8.9,1,37,200,990,, , ,47,311, , 
123360,1314 Casey Dec Biopile 3: Cut 1C TPH,0.25,0.65,3,33.77534247,0.917912934,385,8.78,1,47,220,1000,, , ,51,389, , 
123369,1314 Casey Dec Biopile 3: Cut 1D TPH,0.05,0.85,3,33.77534247,0.910031408,419,8.91,1,53,280,1100,, , ,55,370, , 
123377,1314 Casey Dec Biopile 3: Cut 2E TPH,0.85,0.05,3,33.77534247,0.937922681,359,9.13,1,48,240,1000,, , ,54,407, , 
123388,1314 Casey Dec Biopile 3: Cut 2F TPH,0.5,0.4,3,33.77534247,0.926319663,302,8.99,1,51,190,940,, , ,43,372, , 
123396,1314 Casey Dec Biopile 3: Cut 2G TPH,0.3,0.6,3,33.77534247,0.92461335,368,8.94,1,63,220,990,, , ,38,420, , 
123413,1314 Casey Dec Biopile 3: Cut 2H TPH,0.05,0.85,3,33.77534247,0.95,312,8.9,1,51,200,960,, , ,40,426, , 
123421,1314 Casey Dec Biopile 3: Cut 3J TPH,0.85,0.05,3,33.77534247, ,287,8.72,9.5,45,160,910,, , ,31,418, , 
123430,1314 Casey Dec Biopile 3: Cut 3K TPH,0.5,0.4,3,33.77534247, ,315,8.79,4.4,59,190,780,, , ,34,393, , 
133488,1415 Casey Nov Biopile 3: Cut1A KTPH,0.75,0.12,3,44.96815068,,378,8.32,57,62,180,850,, , ,26,419, , 
133497,1415 Casey Nov Biopile 3: Cut1B KTPH,0.6,0.27,3,44.96815068,,317,8.3,77,65,190,850,, , ,23,411, , 
133507,1415 Casey Nov Biopile 3: Cut1C KTPH,0.35,0.52,3,44.96815068,,350,8.07,81,56,170,740,, , ,20,429, , 
133514,1415 Casey Nov Biopile 3: Cut1D KTPH,0.2,0.67,3,44.96815068,,358,8.3,71,52,170,820,, , ,23,419, , 
133523,1415 Casey Nov Biopile 3: Cut2E KTPH,0.8,0.1,3,44.96815068,,409,8.18,87,60,180,820,, , ,20,432, , 
133532,1415 Casey Nov Biopile 3: Cut2F KTPH,0.6,0.3,3,44.96815068,,415,8.29,80,62,200,890,, , ,25,439, , 
133542,1415 Casey Nov Biopile 3: Cut2G KTPH,0.4,0.5,3,44.96815068,,442,8.34,84,68,210,980,, , ,22,432, , 
133549,1415 Casey Nov Biopile 3: Cut2H KTPH,0.18,0.72,3,44.96815068,,431,8.32,84,65,200,850,, , ,23,421, , 
133558,1415 Casey Nov Biopile 3: Cut3J KTPH,0.9,0.05,3,44.96815068,,401,8.29,71,62,180,770,, , ,20,409, , 
133566,1415 Casey Nov Biopile 3: Cut3K KTPH DUP,0.7,0.25,3,44.96815068,,428,8.32,89,62,190,830,, , ,22,430, , 
133573,1415 Casey Nov Biopile 3: Cut3M KTPH,0.4,0.55,3,44.96815068,,411,8.34,83,56,180,860,, , ,22,407, , 
133579,1415 Casey Nov Biopile 3: Cut3N KTPH,0.18,0.77,3,44.96815068,,395,8.39,74,56,180,820,, , ,21,423, , 
133565,1415 Casey Nov Biopile 3: Cut3K KTPH,0.7,0.25,3,45.20152778,,404,8.3,84,58,180,860,, , ,22,422, , 
89800,10/11 Casey BP4 protective layer D,,1.7,4,0.1,0.927174963,37.7,6.87,0.764792878,0.937472122,2.677044376,14.46313289,, , ,8.177559063,21.03957424, , 
89805,10/11 Casey BP4 protective layer B,,1.7,4,0.1,0.931699696,37.7,6.81,0.74830287,1.091916155,2.512769941,14.11306588,, , ,9.109685024,17.89411975, , 
89879,10/11 Casey BP4 1m height A,1,0.5,4,0.1,0.908142327,36.6,6.65,0.768689161,0.556123794,3.10518131,25.66211646,, , ,7.539188845,24.67928493, , 
89888,10/11 Casey BP4 1m height E,1,0.5,4,0.1,0.902212729,30.4,6.64,0.045731707,0.435719466,2.389120844,17.80905708,, , ,7.507558248,26.63345264, , 
89900,10/11 Casey BP4 1m height K,1,0.5,4,0.1,0.909212116,34.8,6.64,0.755041293,0.528224672,2.235013301,16.76933548,, , ,7.610129572,22.84000854, , 
89834,10/11 Casey BP4 0.5m height B,0.5,1,4,0.1,0.903889339,36.4,6.71,0.761828708,0.989449583,2.940439333,19.50020595,, , ,7.506984153,6.322627484, , 
89838,10/11 Casey BP4 0.5m height E,0.5,1,4,0.1,0.903563084,33.7,6.69,0.742032568,0.707274764,2.359847301,15.298761,, , ,7.507814151,4.915973962, , 
89842,10/11 Casey BP4 0.5m height H,0.5,1,4,0.1,0.902754724,31.3,6.79,0.747682688,0.456180859,2.581660892,23.69114849,, , ,8.257331351,25.21944611, , 
89848,10/11 Casey BP4 0.5m height L,0.5,1,4,0.1,0.911972387,28,6.43,0.045731707,0.408423364,2.150201276,22.31687156,, , ,8.264220295,25.72340985, , 
89852,10/11 Casey BP4 0.5m height O,0.5,1,4,0.1,0.90922664,35.6,6.68,0.752616765,0.522505104,2.878249787,21.43476208,, , ,8.115088588,22.27378212, , 
89984,10/11 Casey BP4 1.5m height - 4m,1.5,0,4,0.1,0.941182859,36.4,6.78,0.724682299,0.725362358,1.176597862,4.930511831,, , ,6.742042829,11.22045724, , 
89987,10/11 Casey BP4 1.5m height - 7m,1.5,0,4,0.1,0.919649543,27.3,6.48,0.045731707,0.612557561,1.510790929,13.2084615,, , ,8.777538244,4.502686846, , 
89992,10/11 Casey BP4 1.5m height - 13m,1.5,0,4,0.1,0.94468184,36.4,7.02,0.045731707,0.704666996,0.841708193,2.969799219,, , ,6.571801561,3.289119165, , 
99132,Soil Samples.  Cell 4 - Cut 3 - H ,1.5,0.1,4,8.526027397,0.931,23.49,6.33,0.045731707,0.49,1.44,10.64821589,, , ,4.45518803,307,7.981196937, 
99136,Soil Samples.  Cell 4 - Cut 3 -I ,1,0.4,4,8.526027397,0.886,171.1,7.02,0.432926829,58.04,58.03,296.18505,, , ,29.97137698,410,69.31326474, 
99140,Soil Samples.  Cell 4 - Cut 3 -J ,0.5,0.9,4,8.526027397,0.922,172.6,6.48,0.045731707,55.16,92.01,232.8904001,, , ,38.03372505,514,61.37330703, 
99144,Soil Samples.  Cell 4 - Cut 3 - K ,0,1.4,4,8.526027397,0.939,115.7,7.31,0.045731707,23.53,72.67,188.1039564,, , ,27.49244519,340,39.12144079, 
100254,Cell 4 Cut 2- D - Nutrient Sample 1.5m height. Ziplock.,1.5,0.1,4,8.54849277,0.954,271,8.24,0.31402439,20.63,180.115183,327.4145818,, , ,15.43830003,878,463.1190604, 
100253,Cell 4 Cut 2- F - Nutrient Sample 0.5m height. Ziplock.,0.5,1,4,8.54849277,0.905,54.2,7.01,0.045731707,3.76,156.8324713,663.0507739,, , ,6.432971629,240,40.26912214, 
100252,Cell 4 Cut 2 - G - Nutrient Sample 0m height. Ziplock.,0,1.5,4,8.54849277,0.926,25,7.29,0.045731707,0.23,8.446003948,39.34731145,, , ,7.86013115,258,14.8663266, 
99827,Soil Sample Cell 4 - D.  Height 130cm ,1.3,0.1,4,9.97260274,0.978,821,9.13,0.432926829,85,502.7,1024.618009,, , ,247.4054672,758.9866112,569.5983032, 
99833,Soil Sample Cell 4 - H .  Height 140cm ,1.4,0.1,4,9.97260274,0.951,1923,8.19,0.588414634,534.63,958.84,1406.158847,, , ,572.6243945,1598.864755,2345.101429, 
99826,Soil Sample Cell 4 - C.  Height 100cm ,1,0.4,4,9.97260274,0.927,814,9.32,0.045731707,38.3,637.88,1766.094115,, , ,54.42569832,263.1550005,77.43612706, 
99829,Soil Sample Cell 4 - E .  Height 0cm ,0,0.4,4,9.97260274,0.906,253.1,8.41,0.445121951,40.62,156.39,526.0231435,, , ,34.03212639,323.1133848,40.29217233, 
99831,Soil Sample Cell 4 - G .  Height 100cm ,1,0.4,4,9.97260274,0.907,926,9.26,0.045731707,58.42,863.44,2439.35493,, , ,85.76901408,533.6959936,123.5153844, 
99825,Soil Sample Cell 4 - B.  Height 50cm ,0.5,0.9,4,9.97260274,0.902,878,7.24,0.426829268,229.09,829.37,845.1536419,, , ,416.1842867,1050.94688,1126.404884, 
99830,Soil Sample Cell 4 - F .  Height 50cm ,0.5,0.9,4,9.97260274,0.898,582,9.1,0.515243902,57.66,480.72,1432.328475,, , ,56.99174364,351.5300482,75.11028099, 
99824,Soil Sample Cell 4 - A . Height 0cm,0,1.4,4,9.97260274,0.91,60,7.14,0.414634146,6.36,391.02,63.56079183,, , ,6.493378955,303.5713401,17.31781115, 
100152,Cell 4 Height 1.2m Sample 3 ,1.2,0.2,4,11.66886606,0.922,486,8.71,0.734756098,61.21,300.1057262,1084.927324,, , ,47.62,407,78.76986137, 
100155,Cell 4 Height 0.7m Sample 3 ,0.7,0.7,4,11.66886606,0.921,622,8.93,0.597560976,54.76,435.0245231,1237.888144,, , ,56.82,406,87.19317386, 
101639,november biopile 4: cut 1D nutrient,1.1,0.1,4,20.62465753,0.9613,418,8.75,1,74,250,730,, , ,52,490, , 
101645,november biopile 4: cut 2E nutrient,0,1.2,4,20.62465753,0.9316,395,8.95,1,38,300,880,, , ,51,492, , 
101653,november biopile 4: cut 2F nutrient,0.4,0.8,4,20.62465753,0.919738778,465,8.95,1,51,370,1200,, , ,55,551, , 
101660,november biopile 4: cut 2G nutrient,0.8,0.35,4,20.62465753,0.918864219,557,9.01,1,51,460,1250,, , ,73,622, , 
101673,november biopile 4: cut 3J nutrient,0,1.3,4,20.62465753,0.927077251,449,8.81,1,59,310,940,, , ,63,677, , 
101679,november biopile 4: cut 3K nutrient,0.4,0.8,4,20.62465753,0.945469529,366,8.7,1,42,210,900,, , ,46,554, , 
101685,november biopile 4: cut 3M nutrient,0.8,0.5,4,20.62465753,0.93068316,286,8.53,1,47,150,780,, , ,36,623, , 
101690,november biopile 4: cut 3N nutrient,1.3,0,4,20.62465753,0.971981548,446,8.92,1,58,320,1100,, , ,68,624, , 
101617,november biopile 4: cut 1A nutrient,0,1.1,4,20.62465753,0.9196,464,8.94,1,57,330,990,, , ,65,513, , 
101626,november biopile 4: cut 1B nutrient,0.3,0.8,4,20.62465753,0.9358,468,9.11,1,66,320,1100,, , ,70,508, , 
101633,november biopile 4: cut 1C nutrient,0.7,0.4,4,20.62465753,0.9456,566,8.93,1,83,390,1200,, , ,87,635, , 
101667,november biopile 4: cut 2H nutrient,1.2,0,4,20.64103158,0.94140455,553,8.92,1,65,410,1300,, , ,74,512, , 
102242,january biopile 4: cut 1B TPH,0.8,0.5,4,23.25479452,,407,8.97,1,51,290,830,, , ,67,427, , 
102249,january biopile 4: cut 1C TPH,0.3,1,4,23.25479452,,495,8.96,1,59,300,1200,, , ,55,455, , 
102256,january biopile 4: cut 1D TPH,0,1.3,4,23.25479452,,409,8.86,1,67,270,940,, , ,48,429, , 
102263,january biopile 4: cut 2E TPH,1.1,0,4,23.25479452,,491,9.11,1,32,310,1100,, , ,69,406, , 
105630,january biopile 4: cut 2G TPH,0.35,0.75,4,23.25479452,,547,9.04,1,40,340,1000,, , ,63,418, , 
116165,january biopile 4: cut 3J TPH,1.15,0,4,23.25479452,,499,8.82,1,81,300,1200,, , ,55,427, , 
102313,january biopile 4: cut 2F TPH,0.7,0.4,4,23.25479452,,377,8.84,1,43,270,1200,, , ,37,328, , 
105637,january biopile 4: cut 2H TPH,0,1.1,4,23.25479452,,422,8.93,1,50,300,1100,, , ,53,432, , 
116170,january biopile 4: cut 3K TPH,0.75,0.4,4,23.25479452,,335,8.94,1,42,220,1100,, , ,48,415, , 
116176,january biopile 4: cut 3M TPH,0.4,0.75,4,23.25479452,,385,8.91,1,47,270,930,, , ,54,432, , 
116182,january biopile 4: cut 3N TPH,0,0,4,23.25479452,,455,9.02,1,10,380,1200,, , ,67,592, , 
123344,1314 Casey Dec Biopile 4: Cut 1A TPH,1.05,0.05,4,33.77534247,0.944316567,370,8.84,1,48,220,1100,, , ,52,379, , 
123351,1314 Casey Dec Biopile 4: Cut 1B TPH,0.65,0.45,4,33.77534247,0.929212533,417,8.91,1,58,250,1100,, , ,58,309, , 
123361,1314 Casey Dec Biopile 4: Cut 1C TPH,0.34,0.76,4,33.77534247,0.917627987,393,8.92,1,48,240,920,, , ,54,370, , 
123370,1314 Casey Dec Biopile 4: Cut 1D TPH,0.05,1.05,4,33.77534247,0.925865548,396,8.9,1,45,250,940,, , ,47,363, , 
123378,1314 Casey Dec Biopile 4: Cut 2E TPH,0.75,0.05,4,33.77534247,0.90552273,213.6,9.12,1,18,140,770,, , ,38,374, , 
123379,1314 Casey Dec Biopile 4: Cut 2E TPH Field Duplicate,0.75,0.05,4,33.77534247,0.9016,247.2,9.18,2.3,22,170,830,, , ,39,364, , 
123389,1314 Casey Dec Biopile 4: Cut 2F TPH,0.55,0.25,4,33.77534247,0.913765663,306,9.07,1.5,44,220,1000,, , ,42,375, , 
123397,1314 Casey Dec Biopile 4: Cut 2G TPH,0.3,0.5,4,33.77534247,0.932710355,777,9.15,1,170,480,1200,, , ,190,769, , 
123415,1314 Casey Dec Biopile 4: Cut 2H TPH,0.05,0.85,4,33.77534247,0.948,614,9.06,1,98,410,1100,, , ,150,613, , 
123422,1314 Casey Dec Biopile 4: Cut 3J TPH,0.9,0.05,4,33.77534247, ,287,8.87,2.2,42,180,920,, , ,30,410, , 
123431,1314 Casey Dec Biopile 4: Cut 3K TPH,0.55,0.4,4,33.77534247, ,318,8.8,1,56,180,810,, , ,37,385, , 
133489,1415 Casey Nov Biopile 4: Cut1A KTPH,0.85,0.16,4,44.96986301,,388,8.64,45,70,210,840,, , ,29,426, , 
133498,1415 Casey Nov Biopile 4: Cut1B KTPH,0.65,0.36,4,44.96986301,,409,8.65,49,70,220,930,, , ,31,440, , 
133508,1415 Casey Nov Biopile 4: Cut1C KTPH,0.45,0.56,4,44.96986301,,390,8.7,46,69,220,900,, , ,35,425, , 
133524,1415 Casey Nov Biopile 4: Cut2E KTPH,0.75,0.75,4,44.96986301,,381,8.74,25,53,200,900,, , ,37,427, , 
133515,1415 Casey Nov Biopile 4: Cut1D KTPH,0.2,0.81,4,44.96986301,,439,8.7,38,76,220,1000,, , ,36,421, , 
89999,10/11 Casey BP5 protective layer A,,1.7,5,0.1,0.866174764,53.1,6.89,0.045731707,2.264376309,0.959316839,31.67451617,, , ,8.208429431,4.627358971, , 
90002,10/11 Casey BP5 protective layer 1a,,1.7,5,0.1,0.853634089,48.8,6.96,0.045731707,2.312352887,1.052271573,17.15301326,, , ,6.2160653,4.549873482, , 
90006,10/11 Casey BP5 protective layer 1e,,1.7,5,0.1,0.840625026,49.2,6.92,0.045731707,2.323967346,3.254232672,15.26169936,, , ,6.769632931,5.59755021, , 
90032,10/11 Casey BP5 1.5m height A,1.5,0,5,0.1,0.904755986,40.9,6.38,0.791595567,2.188834363,3.434595425,18.13019093,, , ,8.732002088,20.74450632, , 
90036,10/11 Casey BP5 1.5m height D,1.5,0,5,0.1,0.909279558,58.8,7.21,0.822882317,1.676455572,4.378201444,16.81231676,, , ,6.181255878,7.032958275, , 
90038,10/11 Casey BP5 1.5m height F,1.5,0,5,0.1,0.909349334,69.1,7.1,0.789050384,4.905448583,8.401902797,22.31761348,, , ,7.389093495,16.72742508, , 
90022,10/11 Casey BP5 1m height B,1,0.5,5,0.1,0.904722259,57.4,6.97,0.763117566,4.876571236,7.366518922,20.81344541,, , ,7.631323381,19.13872097, , 
90027,10/11 Casey BP5 1m height F,1,0.5,5,0.1,0.909623828,35.5,6.66,0.045731707,1.392757446,2.156509409,14.15724427,, , ,7.442809871,4.889651569, , 
90031,10/11 Casey BP5 1m height I,1,0.5,5,0.1,0.892686341,29.6,6.42,0.045731707,0.668698003,2.394292198,18.69908608,, , ,8.775670871,24.21133321, , 
90009,10/11 Casey BP5 0.5m height A,0.5,1,5,0.1,0.899129209,31.5,6.41,0.045731707,0.521613572,2.234073951,31.32869531,, , ,10.15686532,25.00265977, , 
90013,10/11 Casey BP5 0.5m height E,0.5,1,5,0.1,0.911306449,32.4,6.58,0.045731707,0.672707655,2.310113371,13.49238362,, , ,6.978654658,19.72776577, , 
90018,10/11 Casey BP5 0.5m height G,0.5,1,5,0.1,0.914620801,33.1,6.62,0.744884669,0.606042245,1.319435864,16.16849309,, , ,7.560690445,21.61105092, , 
99368,Soil Sample Cell 5 - A ,1.5,0,5,8.317808219,0.907,271.8,6.86,0.045731707,78.15,78.17,250.6957144,, , ,88.11186988,579,135.2541663, 
99373,Soil Sample Cell 5 - E ,1.5,0,5,8.317808219,0.904,292,6.79,0.222560976,110.64,59.63,135.2927683,, , ,51.06684682,492,137.885265, 
99370,Soil Sample Cell 5 - B ,1,0.5,5,8.317808219,0.93,186.8,7.51,0.045731707,0,47.94,117.5101496,, , ,5.439986303,371,52.96381984, 
99375,Soil Sample Cell 5 - F ,1,0.5,5,8.317808219,0.887,174.3,7.41,0.243902439,59.27,50.31,163.8654043,, , ,3.873632211,247,60.37548599, 
99371,Soil Sample Cell 5 - C ,0.5,1,5,8.317808219,0.906,27.33,6.25,0.231707317,52.16,1.35,20.96446921,, , ,18.22516236,340,6.659768302, 
99376,Soil Sample Cell 5 - G ,0.5,1,5,8.317808219,0.918,25.54,6.57,0.045731707,0.5,1.73,19.51846054,, , ,5.34463558,366,16.11273243, 
99372,Soil Sample Cell 5 - D ,0,1.5,5,8.317808219,0.92,177.8,6.46,0.228658537,56.65,34.6,77.98539812,, , ,42.81048846,385,67.36112924, 
99377,Soil Sample Cell 5 - H ,0,1.5,5,8.317808219,0.91,65,7.48,0.231707317,14.74,9.87,37.4795524,, , ,14.11119792,338,24.20815711, 
99837,Soil Sample Cell 5 Cut 1- D ,1.4,0.1,5,9.468493151,0.951,522,7.6,0.225609756,133.09,217.08,580.9273372,, , ,129.3284182,1054,191.0459336, 
99842,Soil Sample Cell 5 Cut 2- H ,1.3,0.2,5,9.468493151,0.927,360,8.93,0.271341463,43.49,195.71,465.8495247,, , ,47.12874043,442,71.70957642, 
99836,Soil Sample Cell 5 Cut 1- C ,1,0.5,5,9.468493151,0.912,726,9.16,0.490853659,144.78,445.1,1059.653544,, , ,19.9310218,605,71.27811618, 
99840,Soil Sample Cell 5 Cut 2- G ,1,0.5,5,9.468493151,0.91,31.7,6.69,0.045731707,1.45,3.27,28.90022257,, , ,6.891006047,431,16.70415048, 
99835,Soil Sample Cell 5 Cut 1- B ,0.5,1,5,9.468493151,0.903,56.4,7.24,0.045731707,3.35,7.42,40.29915755,, , ,3.012164522,421,12.44944081, 
99839,Soil Sample Cell 5 Cut 2- F ,0.5,1,5,9.468493151,0.904,190.4,8.56,0.045731707,14.53,94.42,264.2241974,, , ,18.8447722,347,56.36635209, 
99834,Soil Sample Cell 5 Cut 1- A ,0,1.4,5,9.468493151,0.925,34.9,6.85,0.045731707,2.53,4.41,16.90098854,, , ,5.881018633,306,8.803148848, 
100159,"BP5 0.7 m height (Combined sample 100159, 160 and 161 into subsample 155810)",0.7,0.8,5,12, ,479,8.8,0.6,91.6,, ,620,1770,1860, ,326, ,100
101646,november biopile 5: cut 2E nutrient,0,1.4,5,19.95616438,0.936464945,512,8.97,1,56,420,1200,, , ,77,632, , 
101654,november biopile 5: cut 2F nutrient,0.4,1,5,19.95616438,0.931394277,506,9.06,1,52,420,1200,, , ,73,621, , 
101661,november biopile 5: cut 2G nutrient,0.8,0.6,5,19.95616438,0.937782947,540,9.05,1,60,450,1200,, , ,87,675, , 
101668,november biopile 5: cut 2H nutrient,1.2,0.2,5,19.95616438,0.961558689,511,8.92,1,78,370,1100,, , ,70,679, , 
101640,november biopile 5: cut 1D nutrient. 120 cm height.,1.2,0.2,5,19.95616438,0.958089353,456,8.8,1,71,280,1100,, , ,50,653, , 
101634,november biopile 5: cut 1C nutrient. 80 cm height.,0.8,0.6,5,19.95616438,0.931316387,377,8.76,1,60,240,1000,, , ,49,451, , 
101627,november biopile 5: cut 1B nutrient. 40 cm height.,0.4,1,5,19.95616438,0.934128626,421,8.83,1,56,290,1100,, , ,53,547, , 
101618,november biopile 5: cut 1A nutrient. 0 cm height.,0,1.4,5,19.95616438,0.93630472,575,8.94,1,91,400,1300,, , ,91,671, , 
102243,january biopile 5: cut 1B TPH,0.9,0.5,5,22.75068493,,403,8.94,1,48,290,950,, , ,49,352, , 
102250,january biopile 5: cut 1C TPH,0.4,0.9,5,22.75068493,,401,8.94,1,50,280,780,, , ,50,374, , 
102264,january biopile 5: cut 2E TPH,1.2,0.2,5,22.75068493,,317,8.94,1,32,200,970,, , ,54,397, , 
102314,january biopile 5: cut 2F TPH,0.8,0.6,5,22.75068493,,455,8.98,1,54,330,1000,, , ,54,359, , 
105631,january biopile 5: cut 2G TPH,0.4,1,5,22.75068493,,415,8.99,1,47,290,810,, , ,55,399, , 
102257,january biopile 5: cut 1D TPH,0,1.4,5,22.75068493,,442,8.93,1,66,310,1000,, , ,58,356, , 
105638,january biopile 5: cut 2H TPH,0,1.4,5,22.75068493,,318,9.09,1,27,230,940,, , ,53,525, , 
123371,1314 Casey Dec Biopile 5: Cut 1D TPH,0.05,1.05,5,33.27123288,0.928817717,331,8.9,1,36,200,950,, , ,49,405, , 
123362,1314 Casey Dec Biopile 5: Cut 1C TPH,0.275,0.825,5,33.27123288,0.91481909,415,8.95,1,54,280,960,, , ,53,361, , 
123352,1314 Casey Dec Biopile 5: Cut 1B TPH,0.65,0.45,5,33.27123288,0.925686623,427,8.95,1,61,270,1000,, , ,57,374, , 
123345,1314 Casey Dec Biopile 5: Cut 1A TPH,1.05,0.05,5,33.27123288,0.918172084,279,8.96,1,7.1,200,870,, , ,60,367, , 
123416,1314 Casey Dec Biopile 5: Cut 2H TPH,0.05,1.1,5,33.27123288,0.9417,403,9.05,1,54,290,1000,, , ,64,394, , 
123398,1314 Casey Dec Biopile 5: Cut 2G TPH,0.275,0.875,5,33.27123288,0.930497286,355,9.25,1,45,280,890,, , ,50,341, , 
123390,1314 Casey Dec Biopile 5: Cut 2F TPH,0.65,0.5,5,33.27123288,0.924967441,337,9.23,1,55,250,930,, , ,49,382, , 
123380,1314 Casey Dec Biopile 5: Cut 2E TPH,1.1,0.05,5,33.27123288,0.939661722,321,9.22,1,47,240,930,, , ,55,373, , 
133516,1415 Casey Nov Biopile 5: Cut1A KTPH Subsampled as 155812,0.2,0.96,5,44, ,346,8.7,1.7,47.3,,,680,1350,1400, ,412, , 
133500,1415 Casey Nov Biopile 5: Cut1B KTPH Subsampled as 155813,0.77,0.39,5,44, ,385,8.8,2.7,49.6,,,690,1590,1640, ,424, , 
133509,1415 Casey Nov Biopile 5: Cut1C KTPH Subsampled as 155814,0.43,0.73,5,44, ,357,8.7,21.7,46.9,,,700,1350,1420, ,437, , 
133491,1415 Casey Nov Biopile 5: Cut1D KTPH DUP Subsampled as 155816,1.02,0.14,5,44, ,364,8.7,28.2,45.3,,,680,1590,1660, ,524, , 
133490,1415 Casey Nov Biopile 5: Cut1D KTPH Subsampled as 155815,1.02,0.14,5,44, ,379,8.7,30.4,46.7,,,670,1780,1860, ,442, , 
133525,1415 Casey Nov Biopile 5: Cut2E KTPH Subsampled as 155817,1.02,0.21,5,44, ,374,8.8,0.9,51.4,,,670,1420,1470, ,498, , 
133534,1415 Casey Nov Biopile 5: Cut2F KTPH Subsampled as 155807,0.93,0.3,5,44, ,379,8.8,1.6,47.9,,,760,1320,1370, ,510, , 
133544,1415 Casey Nov Biopile 5: Cut2G KTPH Subsampled as 155808,0.55,0.68,5,44, ,370,8.8,1.1,45.4,,,740,1440,1490, ,456, , 
133552,1415 Casey Nov Biopile 5: Cut2H KTPH Subsampled as 155809,0.25,0.98,5,44, ,372,8.8,0.9,46.9,,,720,1760,1810, ,450, , 
133770,2014/15 FEB BP5_B KTPH. Subsample barcode 155774,0.8,0.35,5,47,0.905,268,8.8,4.4,8.6,, ,450,1450,1460, ,502, ,550
133775,2014/15 FEB BP5_F KTPH. Subsample barcode 155776,0.8,0.46,5,47, ,270,8.8,7.2,11.8,, ,640,1450,1470, ,444, ,477
133773,2014/15 FEB BP5_D KTPH. Subsample barcode 155775,0.2,0.95,5,47, ,326,8.8,1.7,24,, ,550,1530,1560, ,438, ,457
133777,2014/15 FEB BP5_H KTPH. Subsample barcode 155777,0.2,1.06,5,47,0.84,318,8.8,0.3,13.6,, ,630,1570,1580, ,516, ,560
147889,1516_BP5 DECONSTR_SOIL PRT LYR_LB_TPH. Subsample Barcode 155828,,1.7,5,59, ,86,7.3,0.6,25.3,, ,70,540,560, ,186, , 
147914,1516_BP 5 Decon_Soil Prt Lyr_C_TPH. Subsample Barcode 155829,,1.7,5,59, ,192,8.7,4.2,23.4,, ,360,800,830, ,117, ,100
147915,1516_BP 5 Decon_Soil Prt Lyr_D_TPH. Subsample Barcode 155830,,1.7,5,59, ,42,7.5,1.3,10.8,, ,20,170,180, ,76, ,100
101619,november biopile 6: cut 1A nutrient,0,1.45,6,9.676712329,0.918323849,716,9.13,1,42,620,1700,,,,70,681,,
101622,november biopile 6: cut 1A nutrient dup,0,1.45,6,9.676712329,,643,9.11,1,42,550,1500,,,,62,479,,
101628,november biopile 6: cut 1B nutrient,0.4,1.1,6,9.676712329,0.909427756,455,8.89,1,67,280,1000,,,,56,586,,
101635,november biopile 6: cut 1C nutrient,0.8,0.7,6,9.676712329,0.925348614,461,9.03,1,70,310,1300,,,,61,580,,
101641,november biopile 6: cut 1D nutrient,1.4,0.1,6,9.676712329,0.942568164,274,7.66,1,92,77,600,,,,39,683,,
101647,november biopile 6: cut 2E nutrient,0,1.45,6,9.676712329,0.904068076,562,9,1,49,460,1300,,,,71,616,,
101655,november biopile 6: cut 2F nutrient,0.4,1.1,6,9.676712329,0.912491235,492,9.06,1,59,370,1400,,,,65,710,,
101662,november biopile 6: cut 2G nutrient,0.8,0.7,6,9.676712329,0.923073839,287,8.32,1,68,120,750,,,,38,629,,
101669,november biopile 6: cut 2H nutrient,1.3,0.1,6,9.676712329,0.899361502,445,8.99,1,53,310,1400,,,,62,709,,
101674,november biopile 6: cut 3J nutrient,0,1.45,6,9.676712329,0.916451851,780,9.1,1,72,660,1500,,,,180,965,,
101680,november biopile 6: cut 3K nutrient,0.4,1.05,6,9.676712329,0.893621296,362,8.45,1,82,160,890,,,,69,640,,
101686,november biopile 6: cut 3M nutrient,0.8,0.65,6,9.676712329,0.926559879,137.4,7.86,1,19,39,430,,,,28,439,,
101691,november biopile 6: cut 3N nutrient,1.3,0.2,6,9.676712329,0.922020337,667,9.16,1,61,540,1900,,,,97,629,,
102244,january biopile 6: cut 1B TPH,0.9,0.6,6,12.30684932,0.913527297,295,8.65,1,21,150,790,,,,47,458,,
102251,january biopile 6: cut 1C TPH,0.5,1,6,12.30684932,0.892930702,180.5,8.15,1,28,72,460,,,,31,328,,
102258,january biopile 6: cut 1D TPH,0,1.5,6,12.30684932,,150.3,8.35,1,8.5,69,590,,,,26,387,,
102265,january biopile 6: cut 2E TPH,1.3,0.2,6,12.30684932,,392,8.4,2.1,78,150,720,,,,38,409,,
105624,january biopile 6: cut 2F TPH,0.9,0.6,6,12.30684932,,141.3,7.86,1,7.8,55,360,,,,46,492,,
105632,january biopile 6: cut 2G TPH,0.5,1,6,12.30684932,,173.8,8.2,1,21,69,520,,,,30,341,,
105633,january biopile 6: cut 2G genetics dup,0.5,1,6,12.30684932,,156.7,8.18,1,15,61,530,,,,33,438,,
105639,january biopile 6: cut 2H TPH,0,1.5,6,12.30684932,,392,8.91,9.3,12,310,960,,,,39,404,,
116166,january biopile 6: cut 3J TPH,1.4,0.1,6,12.30684932,,317,8.74,11,41,160,770,,,,31,403,,
116171,january biopile 6: cut 3K TPH,0.9,0.6,6,12.30684932,,258.5,8.96,1.1,21,160,950,,,,37,433,,
116172,january biopile 6: cut 3K TPH dup,0.5,1,6,12.30684932,,334,8.92,1.8,25,180,630,,,,41,430,,
116177,january biopile 6: cut 3M TPH,0.5,1,6,12.30684932,,171.3,8.62,1,27,85,600,,,,26,496,,
116183,january biopile 6: cut 3N TPH,0,1.5,6,12.30684932,,244.6,8.81,1.4,22,150,860,,,,33,484,,
116852,"TPH, cell  6, Vertical profile, A",1.5,0,6,13,,408,8.9,1,77,260,1200,,,,56,679,,
116853,"TPH, cell  6, Vertical profile, B",0.6,0.9,6,13,,77.1,7.32,1,18,20,140,,,,8.8,467,,
116854,"TPH, cell  6, Horizontal/Vertical profile, C",0,1.5,6,13,,489,9.06,1,42,440,1300,,,,78,702,,
116855,"TPH, cell  6, horiz profile, D",0,1.5,6,13,,279,8.83,1,35,170,1000,,,,42,538,,
116856,"TPH, cell  6, horiz profile, E",0,1.5,6,13,,350,8.97,1.8,20,290,1000,,,,62,525,,
123346,1314 Casey Dec Biopile 6: Cut 1A TPH,0.95,0.45,6,22.82739726,0.970616546,320,8.34,18,73,140,710,,,,39,392,,
123353,1314 Casey Dec Biopile 6: Cut 1B TPH,0.7,0.7,6,22.82739726,0.902437547,339,8.52,11,77,160,740,,,,39,398,,
123364,1314 Casey Dec Biopile 6: Cut 1C TPH,0.3,1.1,6,22.82739726,0.913863109,295,8.72,3.3,45,150,970,,,,48,397,,
123372,1314 Casey Dec Biopile 6: Cut 1D TPH,0.05,1.35,6,22.82739726,0.887712116,342,8.56,5.9,78,170,660,,,,39,374,,
123381,1314 Casey Dec Biopile 6: Cut 2E TPH,1,0.4,6,22.82739726,0.952340797,256,8.83,11,49,140,730,,,,32,402,,
123391,1314 Casey Dec Biopile 6: Cut 2F TPH,0.75,0.65,6,22.82739726,0.92694823,260.8,9.06,7.8,42,150,770,,,,39,399,,
123399,1314 Casey Dec Biopile 6: Cut 2G TPH,0.35,1.05,6,22.82739726,0.934967719,215,8.47,2.5,56,120,730,,,,29,401,,
123400,1314 Casey Dec Biopile 6: Cut 2G TPH DUP,0.35,1.05,6,22.82739726,,253,8.68,3.2,42,130,1000,,,,39,372,,
123417,1314 Casey Dec Biopile 6: Cut 2H TPH,0.05,1.35,6,22.82739726,0.879091082,441,8.96,3.2,110,280,1000,,,,51,440,,
123424,1314 Casey Dec Biopile 6: Cut 3J TPH,1.05,0.35,6,22.82739726,0.940155881,247,8.66,5.6,39,120,800,,,,31,414,,
123432,1314 Casey Dec Biopile 6: Cut 3J TPH DUP,1.05,0.35,6,22.82739726,,266.2,8.68,3.2,38,100,780,,,,31,389,,
123439,1314 Casey Dec Biopile 6: Cut 3M TPH,0.65,0.75,6,22.82739726,,304,8.59,1,66,140,710,,,,34,342,,
123446,1314 Casey Dec Biopile 6: Cut 3N TPH,0.05,1.35,6,22.82739726,,432,9.11,1,21,250,1200,,,,76,496,,
123738,1314 Casey Jan Biopile 6: Cut1A TPH,1.35,0.05,6,24.21986301,0.918216137,216.9,8.45,36,17,85,580,,,,33,389,,
123746,1314 Casey Jan Biopile 6: Cut1B TPH,1,0.4,6,24.21986301,0.915781938,386,8.02,91,57,150,620,,,,25,453,,
123747,1314 Casey Jan Biopile 6: Cut1B TPH DUP,1,0.4,6,24.21986301,,379,7.99,93,46,150,670,,,,29,415,,
123756,1314 Casey Jan Biopile 6: Cut1C TPH,0.5,0.9,6,24.21986301,0.90630086,321,8.63,42,54,150,660,,,,28,458,,
123763,1314 Casey Jan Biopile 6: Cut1D TPH,0.05,1.45,6,24.21986301,0.897024644,214.8,8.36,20,20,88,500,,,,25,456,,
123770,1314 Casey Jan Biopile 6: Cut2E TPH,1.25,0.05,6,24.21986301,0.914919023,325,7.87,60,60,120,550,,,,18,437,,
137771,1314 Casey Jan Biopile 6: Cut2E TPH DUP,1.25,0.05,6,24.21986301,,344,7.7,54,76,120,600,,,,17,461,,
123780,1314 Casey Jan Biopile 6: Cut2F TPH,0.85,0.45,6,24.21986301,0.899937405,323,7.65,90,49,120,550,,,,17,421,,
123790,1314 Casey Jan Biopile 6: Cut2G TPH,0.5,0.8,6,24.21986301,0.906156322,282.6,8.21,56,43,110,490,,,,24,436,,
123797,1314 Casey Jan Biopile 6: Cut2H TPH,0.05,1.25,6,24.21986301,0.917317098,57.9,7.36,1,3.6,12,98,,,,10,419,,
123805,1314 Casey Jan Biopile 6: Cut3J TPH,1.25,0.05,6,24.21986301,0.926424392,388,7.53,110,49,130,680,,,,14,438,,
123812,1314 Casey Jan Biopile 6: Cut3K TPH,0.85,0.45,6,24.21986301,0.925672785,310,8.02,77,42,120,620,,,,17,438,,
123821,1314 Casey Jan Biopile 6: Cut3M TPH,0.5,0.8,6,24.21986301,0.910023136,322,8.17,75,43,120,640,,,,19,428,,
123828,1314 Casey Jan Biopile 6: Cut3N TPH,0.05,1.25,6,24.21986301,0.907635187,175.6,8.07,15,29,64,370,,,,13,320,,
133510,1415 Casey Nov Biopile 6: Cut1C KTPH,0.57,0.62,6,34,,290,8,45.3,47.7,,,530,1360,1450,,452,,
133517,1415 Casey Nov Biopile 6: Cut1D KTPH,0.27,0.92,6,34,,296,7.8,62.2,51.8,,,490,1460,1570,,462,,
133518,1415 Casey Nov Biopile 6: Cut1D KTPH DUP,0.27,0.92,6,34,,326,7.8,65.3,62.7,,,560,1240,1370,,506,,
133526,1415 Casey Nov Biopile 6: Cut2E KTPH,0.9,0.14,6,34,,295,7.8,65.5,37.5,,,510,1230,1330,,528,,100
133535,1415 Casey Nov Biopile 6: Cut2F KTPH,0.7,0.44,6,34,,316,7.6,63.3,62.7,,,500,1060,1190,,490,,
133536,1415 Casey Nov Biopile 6: Cut2F KTPH DUP,0.7,0.44,6,34,,283,7.6,57.4,60.6,,,460,1230,1350,,529,,
147603,Casey 1516_BP6 Deconstruct_LC_base soil_TPH,0,1.2,6,48,0.877,214,7.7,33.6,30.6,,,360,1010,1070,,436,,100
147606,Casey 1516_BP6 Deconstruct_LE_base soil_TPH,0,1.2,6,48,0.837,196,8.2,20.8,18.2,,,530,1100,1140,,475,,100
147611,Casey 1516_BP6 Deconstruct_LC_base soil_TPH_DUP,0,1.2,6,48,0.835,169,7.8,23.5,25,,,310,970,1020,,462,,100
116539,"Biopile 7 initial subsoil sample, site A",-0.5,2,7,0,0.961478327,136.5,7.37,1,11,1,6.4,, , ,8.5,280,, 
116540,"Biopile 7 initial subsoil sample, site B",-0.5,2,7,0,0.994293593,254.2,8.79,1,13,1,1.8,, , ,3.5,182,, 
116541,"Biopile 7 initial subsoil sample, site C",-0.5,2,7,0,0.976519429,217,7.94,1,10,1,7,, , ,6.1,130,, 
116544,"biopile 7, 1.5m site F",1.5,0,7,0,0.92002501,22.79,7.33,1,1,1,3.2,, , ,8.1,316,, 
116545,"biopile 7, 1.5m site B",1.5,0,7,0,0.925335668,24.79,7.04,1,1,1,1,, , ,5.4,305,, 
116545,"biopile 7, 1.5m site B",1.5,0,7,0,0.925335668,24.79,7.04,1,1,1,1,, , ,5.4,305,, 
116546,"Biopile 7 initial subsoil sample, site B. Field Duplicate",-0.5,2,7,0,0.9938,223.5,8.6,1,11,1,2,, , ,4.1,185,, 
116559,"biopile 7, 1.5m site C",1.5,0,7,0,0.923802825,23.25,7.94,1,1,1,1,20,350,350,5.9,263,1270, 
116560,"biopile 7, 1.5m site E",1.5,0,7,0,0.920064833,23.69,7.07,1,1,1,1,, , ,5.8,412,, 
116561,"biopile 7, 1.0m site E",0.5,1,7,0,0.936650984,23.7,7.09,1,1,1,1,20,490,490,4.5,344,1930, 
116563,"biopile 7, 0 - 0.5 m layer, site L",0.5,1,7,0,0.924788585,25.21,6.89,1,1,1,1,20,370,370,4.9,284,1400, 
116563,"biopile 7, 0 - 0.5 m layer, site L- Field Duplicate",0.5,1,7,0,0.924788585,25.21,6.89,1,1,1,1,20,370,370,4.9,284,1400, 
116564,"biopile 7, 1.5m site G",1.5,0,7,0,0.922886237,23.79,6.58,1,1,1,1.9,20,270,270,7.3,315,1320, 
116565,"biopile 7 protection layer, sub-0m, site E",-0.2,1.7,7,0,0.906792183,25.96,6.35,1,1,1,2,20,500,500,7.6,416,2300, 
116566,"biopile 7 protection layer, sub-0m, site D",-0.2,1.7,7,0,0.902974759,25.88,6.36,1,1,1,3.3,, , ,5.9,384,, 
116567,"biopile 7, 1.0m site B",1,0.5,7,0,0.92687045,21.76,6.75,1,1,1,1,, , ,4.9,308,, 
116568,"biopile 7, 1.0m site L",1,0.5,7,0,0.930673058,26.9,6.53,1,1,1,1,, , ,5.2,319,, 
116569,"biopile 7, 1.0m site F",1,0.5,7,0,0.930177564,22.07,6.59,1,1,1,1,, , ,5.1,349,, 
116573,"biopile 7, 1.0m site K",1,0.5,7,0,0.92374281,23.35,6.64,1,1,1,1,20,460,460,5.2,306,1630, 
116574,"biopile 7, 0 - 0.5 m layer, site D",0.5,1,7,0,0.941585512,29.2,7.65,1,1,1,1,20,470,470,5.5,334,2210, 
116574,"biopile 7, 0 - 0.5 m layer, site D - Field Duplicate",0.5,1,7,0,0.941585512,29.2,7.65,1,1,1,1,20,470,470,5.5,334,2210, 
116575,"biopile 7 protection layer, sub-0m, site F",-0.2,1.7,7,0,0.918787697,26.17,7.17,1,1,1,1,20,490,490,5.8,394,2400, 
116576,"biopile 7, 0 - 0.5 m layer, site F",0.5,1,7,0,0.929015828,26.42,6.7,1,1,1,1,, , ,5,344,, 
116576,"biopile 7, 0 - 0.5 m layer, site F_wildduplicate",0.5,1,7,0,0.929015828,26.42,6.7,1,1,1,1,, , ,5,344,, 
116577,"biopile 7, 0 - 0.5 m layer, site I",0.5,1,7,0,0.917798278,28.9,6.53,1,1,1,1,, , ,4.8,384,, 
116579,"biopile 7 protection layer, sub-0m, site C",-0.2,1.7,7,0,0.892624874,28.51,6.28,1,1,1,1.7,, , ,5.8,395,, 
116580,"biopile 7 protection layer, sub-0m, site B",-0.2,1.7,7,0,0.923570906,25.06,6.34,1,1,1,1,20,300,300,4.7,364,1180, 
116581,"biopile 7, 1.0m site E - Field Duplicate",1,0.5,7,0,0.921110233,21.94,6.7,1,1,1,1,, , ,5.1,302,, 
116582,"biopile 7, 1.0m site H",1,0.5,7,0,0.942072001,39.5,6.57,1,1,1,1,20,420,420,3.4,366,1480, 
116583,"biopile 7, 1.5m site A- FIELD DUPLICATE",1.5,0,7,0,0.944282934,27.06,6.79,1,1,1,1,, , ,5.9,319,, 
116583,"biopile 7, 1.5m site A_wildduplicate",1.5,0,7,0,0.944282934,27.06,6.79,1,1,1,1,, , ,5.9,319,, 
116584,"biopile 7, 1.5m site D",1.5,0,7,0,0.923013335,21.52,6.52,1,1,1,1.1,, , ,6.1,397,, 
116585,"biopile 7, 0 - 0.5 m layer, site A",0.5,1,7,0,0.95369409,27.97,6.52,1,1,1,1,, , ,5.9,352,, 
116586,"biopile 7, 1.0m site I",1,0.5,7,0,0.932139184,26.38,6.47,1,1,1,1,, , ,5.3,272,, 
116587,"biopile 7, 1.0m site J",1,0.5,7,0,0.930390818,27.38,6.65,1,1,1,4.7,20,460,460,4.9,307,1700, 
116588,"biopile 7, 1.0m site A",1,0.5,7,0,0.920973939,23.81,6.58,1,1,1,1,20,420,420,5.3,364,1800, 
116589,"biopile 7, 1.0m site D",1,0.5,7,0,0.918576512,25.33,6.5,1,1,1,1,, , ,5.1,272,, 
116590,"biopile 7, 0 - 0.5 m layer, site E",0.5,1,7,0,0.934712992,26.22,6.59,1,1,1,1,, , ,5.1,354,, 
116592,"biopile 7, 0 - 0.5 m layer, site C",0.5,1,7,0,0.945175147,28,6.84,1,1,1,1,, , ,5.2,422,, 
116592,"biopile 7, 0 - 0.5 m layer, site C_wildduplicate",0.5,1,7,0,0.945175147,28,6.84,1,1,1,1,, , ,5.2,422,, 
116593,"biopile 7, 0 - 0.5 m layer, site K",0.5,1,7,0,0.91836633,27.9,6.86,1,1,1,1,, , ,4.3,378,, 
116593,"biopile 7, 0 - 0.5 m layer, site K",0.5,1,7,0,0.91836633,27.9,6.86,1,1,1,1,, , ,4.3,378,, 
116595,"biopile 7, 0 - 0.5 m layer, site J",0.5,1,7,0,0.918689766,26.94,6.71,1,1,1,1,, , ,4.8,429,, 
116596,"biopile 7 protection layer, sub-0m, site A",-0.2,1.7,7,0,0.896868445,39.9,6.11,1,1,1,1.5,20,480,480,4,440,1600, 
116600,"biopile 7, 1.5m site A",1.5,0,7,0,0.940817055,28.58,6.61,1,1,1,1,20,580,580,5.6,316,1630, 
116602,"biopile 7, 0 - 0.5 m layer, site H",0.5,1,7,0,0.929604637,27.8,6.46,1,1,1,1,, , ,3.4,437,, 
116608,"biopile 7, 1.0m site C",1,0.5,7,0,0.912124776,24.69,6.42,1,1,1,1.3,, , ,5.1,380,, 
116611,"biopile 7, 0 - 0.5 m layer, site B",0.5,1,7,0,0.951122269,28.2,6.49,1,1,1,1,20,530,530,5.4,356,2050, 
116612,"biopile 7, 0 - 0.5 m layer, site G",0.5,1,7,0,0.919519459,25.98,6.55,1,1,1,1,20,410,410,4.7,339,1920, 
116616,"biopile 7, 1.0m site G",1,0.5,7,0,0.920190535,30.5,6.56,1,1,1,1,, , ,4.3,371,, 
116616,"biopile 7, 1.0m site G",1,0.5,7,0,0.920190535,30.5,6.56,1,1,1,1,, , ,4.3,371,, 
123356,1314 Casey Dec Biopile 7: Cut 1B TPH,0.8,0.7,7,10,0.9249,406,9.11,1,9.8,310,1000,, , ,29,314,, 
123365,1314 Casey Dec Biopile 7: Cut 1C TPH,0.4,1.1,7,10,0.9321,312,9.05,1,36,230,790,, , ,47,347,, 
123373,1314 Casey Dec Biopile 7: Cut 1A TPH,1.25,0.25,7,10,0.9419,79.2,8.88,1,28,280,930,, , ,87,516,, 
123374,1314 Casey Dec Biopile 7: Cut 1D TPH,0.05,1.45,7,10,0.922,405,8.24,1,120,170,660,, , ,31,497,, 
123374,1314 Casey Dec Biopile 7: Cut 1D TPH,0.05,1.45,7,10,0.922,405,8.24,1,120,170,660,, , ,31,497,, 
123383,1314 Casey Dec Biopile 7: Cut 2E TPH,1.25,0.25,7,10,0.9209,2325,8.95,1,570,1200,3000,, , ,430,1600,, 
123383,1314 Casey Dec Biopile 7: Cut 2E TPH DUP,1.25,0.25,7,10,0.9209,2325,8.95,1,570,1200,3000,, , ,430,1600,, 
123393,1314 Casey Dec Biopile 7: Cut 2F TPH,0.75,0.75,7,10,0.9104,568,9.27,1,73,440,1300,, , ,77,503,, 
123401,1314 Casey Dec Biopile 7: Cut 2G TPH,0.35,1.15,7,10,0.9068,414,8.83,1,63,250,920,, , ,29,426,, 
123402,1314 Casey Dec Biopile 7: Cut 3K TPH,0.95,0.55,7,10,0.9187,869,9.15,1,41,770,2100,, , ,76,445,, 
123418,1314 Casey Dec Biopile 7: Cut 2H TPH,0.05,1.45,7,10,0.8706,182.8,9.98,1,79,37,150,, , ,4,347,, 
123426,1314 Casey Dec Biopile 7: Cut 3J TPH,1.45,0.05,7,10,0.9496,875,9.03,1,170,560,2600,, , ,38,722,, 
123427,1314 Casey Dec Biopile 7: Cut 3J Field Duplicate,1.45,0.05,7,10,0.9149,1694,8.84,1,330,870,2500,, , ,640,1750,, 
123440,1314 Casey Dec Biopile 7: Cut 3M TPH,0.45,1.05,7,10,0.9147,273,8.5,1,20,130,700,, , ,24,385,, 
123447,1314 Casey Dec Biopile 7: Cut 3N TPH,0.05,1.45,7,10,0.8521,188.4,7.97,1,14,84,400,, , ,14,249,, 
123740,1314 Casey Jan Biopile 7: Cut1A TPH,1.45,0.05,7,12,0.9473,129.5,7.51,1,36,27,190,, , ,8.1,321,, 
123740,1314 Casey Jan Biopile 7: Cut1A TPH,1.45,0.05,7,12,0.9473,129.5,7.51,1,36,27,190,, , ,8.1,321,, 
123749,1314 Casey Jan Biopile 7: Cut1B TPH,0.95,0.55,7,12,0.92,471,9.22,1,45,260,1400,, , ,45,307,, 
123757,1314 Casey Jan Biopile 7: Cut1C TPH,0.45,1.05,7,12,0.913,321,8.92,1,54,150,710,, , ,43,402,, 
123764,1314 Casey Jan Biopile 7: Cut1D TPH,0.05,1.45,7,12,0.9024,253.1,8.65,1,45,100,590,, , ,32,394,, 
123773,1314 Casey Jan Biopile 7: Cut2E TPH,1.35,0.05,7,12,0.9293,302,8.99,1,46,140,670,, , ,24,313,, 
123783,1314 Casey Jan Biopile 7: Cut2F TPH,0.95,0.45,7,12,0.9192,500,9.15,1,78,300,1100,, , ,45,401,, 
123791,1314 Casey Jan Biopile 7: Cut2G TPH,0.5,0.9,7,12,0.9109,403,9.07,1,48,220,1200,, , ,47,496,, 
123791,1314 Casey Jan Biopile 7: Cut2G TPH,0.5,0.9,7,12,0.9109,403,9.07,1,48,220,1200,, , ,47,496,, 
123798,1314 Casey Jan Biopile 7: Cut2H TPH,0.05,1.35,7,12,0.9236,401,9,1,63,220,1100,,,,43,403,,
123798,1314 Casey Jan Biopile 7: Cut2H TPH DUP,0.05,1.35,7,12,0.9109,401,9,1,63,220,1100,,,,43,403,,
123807,1314 Casey Jan Biopile 7: Cut3J TPH,1.45,0.05,7,12,0.9406,410,9.12,1,55,240,1100,,,,74,416,,
123815,1314 Casey Jan Biopile 7: Cut3K TPH,0.95,0.55,7,12,0.9301,14.78,9.36,1,200,1100,2100,,,,300,945,,
123815,1314 Casey Jan Biopile 7: Cut3K TPH_wildduplicate,0.95,0.55,7,12,0.9301,14.78,9.36,1,200,1100,2100,,,,300,945,,
123830,1314 Casey Jan Biopile 7: Cut3N TPH,0.05,1.45,7,12,0.8779,182.4,8.14,1,25,66,420,,,,15,298,,
123830,1314 Casey Jan Biopile 7: Cut3N TPH_wildduplicate,0.05,1.45,7,12,0.8863,182.4,8.14,1,25,66,420,,,,15,298,,
123830,1314 Casey Jan Biopile 7: Cut3N TPH,0.05,1.45,7,12,0.8779,182.4,8.14,1,25,66,420,,,,15,298,,
133494,1415 Casey Nov Biopile 7: Cut1A KTPH subsampled as 155782,0.95,0.1,7,21,0.891,293,8.7,0.5,49.4,169.9254258, ,740,1260,1310, ,466,, 
133503,1415 Casey Nov Biopile 7: Cut1B KTPH subsampled as 155783,0.78,0.27,7,21,0.912320588,391,8.9,0.6,48.7,224.8206762, ,870,1580,1630, ,493,, 
133511,1415 Casey Nov Biopile 7: Cut1C KTPH subsampled as 155784,0.46,0.59,7,21,0.891,186,8.6,1,19.3,, ,510,820,840, ,372,, 
133511,1415 Casey Nov Biopile 7: Cut1C KTPH subsampled as 155784,0.46,0.59,7,21,0.891,186,8.6,1,19.3,165.0687158, ,510,820,840, ,372,, 
133519,1415 Casey Nov Biopile 7: Cut1D KTPH subsampled as 155785,0.2,0.85,7,21,0.918,297,8.7,0.1,46.4,153.3975812, ,590,1340,1390, ,416,, 
133520,1415 Casey Nov Biopile 7: Cut1D KTPH DUP subsampled as 155786,0.2,0.85,7,21,0.918,243,8.7,0.1,37,153.3975812, ,530,1030,1070, ,408,, 
133529,1415 Casey Nov Biopile 7: Cut2E KTPH subsampled as 155787,0.95,0.1,7,21,0.916,501,8.8,0.4,56.6,352.7338386, ,910,1790,1850, ,514,, 
133538,1415 Casey Nov Biopile 7: Cut2F KTPH subsampled as 155788,0.75,0.3,7,21,0.91397085,365,8.8,0.8,53.7,227.2278071, ,720,1710,1760, ,532,, 
133546,1415 Casey Nov Biopile 7: Cut2G KTPH subsampled as 155789,0.39,0.66,7,21,0.919926699,323,8.7,1.3,58.6,204.7702775, ,790,1460,1520, ,459,,529
133554,1415 Casey Nov Biopile 7: Cut2H KTPH subsampled as 155790,0.17,0.88,7,21,0.91872897,338,8.8,0.6,49.9,217.6136146, ,780,1740,1790, ,551,, 
133555,1415 Casey Nov Biopile 7: Cut2H KTPH DUP subsampled as 155791,0.17,0.88,7,21,0.91872897,329,8.7,0.4,44,217.6136146, ,700,1430,1470, ,544,, 
133562,1415 Casey Nov Biopile 7: Cut3J KTPH subsampled as 155792,1.05,0.15,7,21,0.914801216,259,8.6,0.1,38.1,160.8262387, ,560,1290,1330, ,480,, 
133562,1415 Casey Nov Biopile 7: Cut3J KTPH subsampled as 155792_wildduplicate,1.05,0.15,7,21,0.914801216,259,8.6,0.1,38.1,160.8262387, ,560,1290,1330, ,480,, 
133562,1415 Casey Nov Biopile 7: Cut3J KTPH subsampled as 155792,1.05,0.15,7,21,0.914801216,259,8.6,0.1,38.1,160.8262387, ,560,1290,1330, ,480,, 
133569,1415 Casey Nov Biopile 7: Cut3K KTPH subsampled as 155793,0.8,0.4,7,21,0.912,279,8.6,0.5,47.1,138.4757405, ,440,1430,1480, ,494,, 
133797,CASEY 14/15 FEB BP 7_Cut1 A  KTPH subsampled as 155794,1.1,0.11,7,24,0.92,282,8.8,12.4,19.5,236.7695908, ,650,1320,1350, ,509,,740
133798,CASEY 14/15 FEB BP 7_Cut1 B  KTPH subsampled as 155795,0.8,0.41,7,24,0.923974272,256,8.6,21.5,17.1,144.0881067, ,620,1480,1520, ,500,,668
133799,CASEY 14/15 FEB BP 7_Cut1 C  KTPH subsampled as 155796,0.5,0.71,7,24,0.909,190,8.6,0.8,13.5,91.00949689, ,540,1090,1100, ,498,,704
133800,CASEY 14/15 FEB BP 7_Cut1 C  KTPH DUP subsampled as 155797,0.5,0.71,7,24,0.904,210,8.6,1.9,14.3,91.00949689, ,570,1250,1270, ,451,, 
133801,CASEY 14/15 FEB BP 7_Cut1 D  KTPH subsampled as 155798,0.2,1.01,7,24,0.815,191,8.6,0.1,0.1,118.0165279, ,640,1150,1150, ,459,,669
133801,CASEY 14/15 FEB BP 7_Cut1 D  KTPH subsampled as 155798,0.2,1.01,7,24,0.815,191,8.6,0.1,0.1,118.0165279, ,640,1150,1150, ,459,,669
133802,CASEY 14/15 FEB BP 7_Cut2 E  KTPH subsampled as 155799,1.1,0.15,7,24,0.907801418,306,8.8,0.9,0.9,275.4032231, ,900,1520,1520, ,457,,426
133802,CASEY 14/15 FEB BP 7_Cut2 E  KTPH subsampled as 155799,1.1,0.15,7,24,0.907801418,306,8.8,0.9,0.9,275.4032231, ,900,1520,1520, ,457,,426
133803,CASEY 14/15 FEB BP 7_Cut2 F  KTPH subsampled as 155800,0.8,0.45,7,24,0.915388145,251,8.5,20.8,24.1,90.02312019, ,530,1140,1180, ,408,,445
133804,CASEY 14/15 FEB BP 7_Cut2 G  KTPH subsampled as 155801,0.5,0.75,7,24,0.904866599,396,8.9,0.2,9,379.139148, ,910,1410,1420, ,386,,281
133804,CASEY 14/15 FEB BP 7_Cut2 G  KTPH subsampled as 155801,0.5,0.75,7,24,0.904866599,396,8.9,0.2,9,379.139148, ,910,1410,1420, ,386,,281
133805,CASEY 14/15 FEB BP 7_Cut2 H  KTPH subsampled as 155802,0.2,1.05,7,24,0.807642808,321,8.8,1,16.5,340.0573906, ,710,1180,1200, ,404,,425
133806,CASEY 14/15 FEB BP7_Cut3 H KTPH DUP subsampled as 155803,0.2,1.05,7,24,0.894,321,8.8,0.1,18,340.0573906, ,670,1190,1210, ,344,, 
133807,CASEY 14/15 FEB BP 7_Cut3 J  KTPH subsampled as 155804,1.1,0.31,7,24,0.915462485,245,8.6,11.6,16.2,123.0182743, ,630,1220,1250, ,450,, 
133808,CASEY 14/15 FEB BP 7_Cut3 K  KTPH subsampled as 155805,0.8,0.61,7,24,0.912958102,218,8.6,3.5,14.5,130.0699247, ,560,1230,1250, ,472,,100
133810,CASEY 14/15 FEB BP 7_Cut3 N  KTPH subsampled as 155806,0.2,1.21,7,24,0.872105054,339,8.8,0.1,4.9,175.875417, ,790,2310,2310, ,468,, 
147530,Casey 1516_BP7 soil sampling_CUT 1 B_KTPH subsampled as 155778,0.4,0.8,7,36,0.919,244,8.3,54.1,29,113.3462405, ,540,1300,1380, , ,, 
147531,Casey 1516_BP7 soil sampling_CUT 1 C_KTPH,0.8,0.4,7,36,0.925891069,330,8.6,57.4,29,208.1948061, ,660,1450,1540, , ,, 
147531,Casey 1516_BP7 soil sampling_CUT 1 C_KTPH DUP subsampled as 155779,0.8,0.4,7,36,0.925891069,330,8.6,57.4,29,208.1948061, ,660,1450,1540, , ,, 
147532,Casey 1516_BP7 soil sampling_CUT 2 H_KTPH DUP subsampled as 155780,1.2,0,7,36,0.923044482,329,7.9,108,27,127.2484433, ,420,1300,1440, ,411,,453
147533,Casey 1516_BP7 soil sampling_CUT 2 H_KTPH subsampled as 155781,1.2,0,7,36,0.923044482,302,7.9,99.4,23.6,127.2484433, ,560,1300,1420, ,437,, 
147545,Casey 1516_BP7 soil sampling_CUT 2 D_KTPH subsampled as 165085,1.2,0,7,36,0.936,353,7.6,62.6,28.1,212.563811, ,540, , , , ,, 
147549,Casey 1516_BP7 soil sampling_CUT 2 F_KTPH subsampled as 165025,0.4,0.9,7,36,0.941,313,7.7,51.1,24.8,190.9576808, ,500, , , , ,, 
147549,Casey 1516_BP7 soil sampling_CUT 2 F_KTPH subsampled as 165025 - illumina dup,0.4,0.9,7,36,0.941,313,7.7,51.1,24.8,190.9576808, ,500, , , , ,, 
147550,Casey 1516_BP7 soil sampling_CUT 2 G_KTPH subsampled as 165026,0.8,0.5,7,36,0.929,266,7.2,75.1,23.5,121.1444695, ,420, , , , ,, 
147596,Casey 1516_BP7 soil sampling_CUT 1 A_KTPH subsampled as 165084,0,1.2,7,36,0.892,255,7.4,51.2,39.9,114.8000545, ,170, , , , ,, 
154543,Biopile 7 Cut 3 M - 16.1m from E berm subsampled as 164188,0.8,0.5,7,48,0.937,318,7.3,70.4,32.6,140.4809344, ,490, , , , ,, 
154612,Biopile 7 Cut 3 J - 16.1m from E berm subsampled as 165060,0.15,1.15,7,48,0.89,410,7.4,106,32,189.0716626, ,410, , , , ,, 
154620,Biopile 7 Cut 2 F - 9.35m from E berm subsampled as 165038,0.35,0.77,7,48,0.922,242,7.4,50.6,21,, ,420, , , , ,, 
154997,Biopile 7 Cut 2 G - 9.35m from E berm subsampled as 165042,0.55,0.57,7,48,0.939,295,7.9,10.7,12.2,150.5999971, ,620, , , , ,, 
155017,Biopile 7 Cut 2 H - 9.35m from E berm subsampled as 165048,0.8,0.32,7,48,0.937,432,8,33.6,22.8,347.699391, ,760, , , , ,, 
155025,Biopile 7 Cut 3 K - 16.1m from E berm subsampled as 165049,0.5,0.8,7,48,0.936,268,7.3,69.1,19.5,118.2606717, ,460, , , , ,, 
155041,Biopile 7 Cut 3 N - 16.1m from E berm subsampled as 164189,1.1,0.2,7,48,0.938,234,7.2,56.4,25.1,114.0511459, ,470, , , , ,, 
155048,Biopile 7 Cut 2 E - 9.35m from E berm subsampled as 165045,0.05,1.07,7,48,0.875,412,7.4,120,40,172.710838, ,420, , , , ,, 
167820,Biopile 7 Cut 1 Location A,1.5,0,7,60,0.959,330,7.8,160,25,152.36148, ,810,1100,1300, , ,, 
167821,Biopile 7 Cut 1 Location B,0.94,0.57,7,60,0.936,220,8.1,5,5,95.62261581, ,650,1200,1300, , ,, 
167821,Biopile 7 Cut 1 Location B - qPCR dup,0.94,0.57,7,60,0.936,220,8.1,5,5,95.62261581, ,650,1200,1300, , ,, 
167821,Biopile 7 Cut 1 Location B DUP,0.94,0.57,7,60,0.936,220,8.1,5,5,95.62261581, ,650,1200,1300, , ,, 
167822,Biopile 7 Cut 1 Location C,0.64,0.86,7,60,0.937,320,8.6,54,33,218.46053, ,540,1500,1600, , ,, 
167823,Biopile 7 Cut 1 Location D,0.22,1.28,7,60,0.934,220,8.4,36,25,122.795579, ,680,920,980, , ,, 
167824,Biopile 7 Cut 2 Location E,1.5,0,7,60,0.946,400,7.7,180,24,180.0539737, ,720,1100,1300, , ,, 
167824,Biopile 7 Cut 2 Location E - qPCR dup,1.5,0,7,60,0.946,400,7.7,180,24,180.0539737, ,720,1100,1300, , ,, 
167825,Biopile 7 Cut 2 Location F,1.08,0.42,7,60,0.943,280,7.9,120,8.2,101.7078642, ,640,1100,1200, , ,, 
167825,Biopile 7 Cut 2 Location F - dup??,1.08,0.42,7,60,0.943,280,7.9,120,8.2,101.7078642, ,640,1100,1200, , ,, 
167826,Biopile 7 Cut 2 Location G,0.76,0.74,7,60,0.926,170,8.1,50,16,115.8701156, ,950,1200,1300, , ,, 
167826,Biopile 7 Cut 2 Location G - qPCR dup,0.76,0.74,7,60,0.926,170,8.1,50,16,115.8701156, ,950,1200,1300, , ,, 
167827,Biopile 7 Cut 2 Location H ,0.45,1.05,7,60,0.911,180,7.8,20,32,143.735286, ,200,670,720, , ,, 
167827,Biopile 7 Cut 2 Location H - qPCR dup,0.45,1.05,7,60,0.911,180,7.8,20,32,143.735286, ,200,670,720, , ,, 
167828,Biopile 7 Cut 3 Location J,1.5,0,7,60,0.973,370,8,100,80,, ,670,1100,1300, , ,, 
167829,Biopile 7 Cut 3 Location K,1,0.5,7,60,0.933,240,8.1,94,36,125.1311414, ,610,1000,1100, , ,, 
167830,Biopile 7 Cut 3 Location K Field Duplicate,1,0.5,7,60,0.937,250,8.2,110,51,125.1311414, ,650,1200,1300, , ,, 
167831,Biopile 7 Cut 3 Location M,0.6,0.9,7,60,0.922,250,8.5,47,19,194.962584, ,710,980,1000, , ,, 
167832,Biopile 7 Cut 3 Location N,0.1,1.4,7,60,0.85,140,7.8,6.7,43,49.0671996, ,260,520,570, , ,, 
167832,Biopile 7 Cut 3 Location N - qPCR dup,0.1,1.4,7,60,0.85,140,7.8,6.7,43,49.0671996, ,260,520,570, , ,, 
