Barcode,BiopileNumber,Season,Month,Months,DMF,Conductivity,pH,Nitrite,Nitrate,Ammonium,Ammonium_KCl,Ammonium_Borate,Phosphate,Phosphate_bicarb
89343,1,2011,Jan,-0.1,0.938,41.1,7.13,0.075,1.3,0.41,,,31,10
89347,1,2011,Jan,-0.1,0.943,77.7,7.52,0.075,1.3,0.42,,,51,17
89357,1,2011,Jan,-0.1,0.943,51.5,7.29,0.075,1.3,0.39,,,29,9
89526,1,2011,Feb,0,0.920305116,24.6,6.6,0.15,0.290158579,0.531823983,0.2,,8.577274559,18.07085973
89530,1,2011,Feb,0,0.909932961,25.2,6.6,0.15,0.288622311,0.536061641,0.2,,7.97907653,19.73876464
89538,1,2011,Feb,0,0.931511957,22.8,6.66,0.15,0.290778774,0.518605093,0.245776517,,7.74391382,18.40725684
89551,1,2011,Feb,0,0.912711203,17.1,6.64,0.15,0.290696933,0.302860981,0.2,,6.046454055,20.08502562
89560,1,2011,Feb,0,0.907701166,25.7,6.78,0.15,0.298943221,0.510781822,0.2,,7.681028742,17.92080623
89526,1,2011,Feb,0,0.92,24.6,6.6,0.075,1.3,0.53,,,55,18
89530,1,2011,Feb,0,0.91,25.2,6.6,0.075,1.3,0.54,,,61,20
89538,1,2011,Feb,0,0.932,22.8,6.66,0.075,1.3,0.52,,,56,18
89551,1,2011,Feb,0,0.913,17.1,6.64,0.075,1.3,0.3,,,62,20
89560,1,2011,Feb,0,0.908,25.7,6.78,0.075,1.3,0.51,,,55,18
89639,1,2011,Feb,0,0.92186456,25.6,6.65,0.15,0.325953965,1.484017343,6.495131256,,7.566540812,4.957660179
89647,1,2011,Feb,0,0.92326708,24.9,6.6,0.15,0.377703994,1.787304144,8.327749031,,7.802884275,19.450493
89660,1,2011,Feb,0,0.874487155,24.6,6.68,0.15,0.388788876,0.492075254,2.124073993,,9.188020754,18.73460701
89639,1,2011,Feb,0,0.922,25.6,6.65,0.075,1.4,1.48,,,15,5
89647,1,2011,Feb,0,0.923,24.9,6.6,0.075,1.7,1.79,,,60,19
89660,1,2011,Feb,0,0.874,24.6,6.68,0.075,1.7,0.49,,,57,19
89742,1,2011,Feb,0,0.922512039,34.2,6.51,0.15,0.41804926,2.23747458,19.12556328,,10.10288499,21.67927327
89750,1,2011,Feb,0,0.93555668,25.6,6.35,0.15,0.423728575,0.957754331,4.895207821,,11.27243225,22.70839747
89742,1,2011,Feb,0,0.923,34.2,6.51,0.075,1.9,2.24,,,66,22
89750,1,2011,Feb,0,0.936,25.6,6.35,0.075,1.9,0.96,,,70,23
99341,1,2012,Nov,9.180821918,0.906,141.5,8.23,0.15,15.18,54.05,,,13.37,381
99348,1,2012,Nov,9.180821918,0.966,863,5.84,0.15,328.27,163.48,,,230.46,1029
99342,1,2012,Nov,9.180821918,0.901,297,7.2,0.15,102.58,108.19,,,54.95,445
99347,1,2012,Nov,9.180821918,0.919,535,9.33,1.57,33.52,438.75,,,39.11,402
99343,1,2012,Nov,9.180821918,0.903,1162,6.17,0.15,437,333.52,,,357.39,1547
99346,1,2012,Nov,9.180821918,0.912,159.4,7.69,0.15,30.52,61.16,,,31.11,381
99344,1,2012,Nov,9.180821918,0.962,341,6.02,0.15,138.53,50.02,,,72.16,510
99345,1,2012,Nov,9.180821918,0.892,142.2,8.1,0.15,11.83,60.41,,,21.81,368
99353,1,2012,Nov,9.279452055,0.906,67.7,7.71,0.15,3.48,25.3,,,11.22,314
99352,1,2012,Nov,9.279452055,0.923,187.2,8.79,1.48,15.13,128.07,,,28.1,415
99351,1,2012,Nov,9.279452055,0.948,413,9.28,1.48,39.49,320.15,,,48.22,443
99349,1,2012,Nov,9.279452055,0.936,296,6.84,0.15,136.04,88.45,,,10.8,415
99350,1,2012,Nov,9.279452055,0.937,688,5.24,0.15,249.12,120.11,,,223.33,1019
99794,1,2012,Dec,10.49589041,0.782,120.6,7.94,3.02,7.07,51.29,,,13.84,355
99799,1,2012,Dec,10.49589041,0.879,150.9,8.33,1.01,13.6,85.97,,,20.18,348
99795,1,2012,Dec,10.49589041,0.914,39.5,6.87,0.15,3.37,8.04,,,11.45,398
99800,1,2012,Dec,10.49589041,0.916,187.5,8.78,0.96,21.58,98.67,,,28.17,294
99796,1,2012,Dec,10.49589041,0.914,1329,9.42,1.81,240.63,900.98,,,235.63,1032
99801,1,2012,Dec,10.49589041,0.904,1386,9.5,1.26,187.39,1064.93,,,105.44,589
99802,1,2012,Dec,10.49589041,0.917,1451,9.49,0.15,166.45,1119.04,,,108.69,806
99797,1,2012,Dec,10.49589041,0.977,1034,7.38,0.67,360.6,322.53,,,124.98,948
99798,1,2012,Dec,10.49589041,0.98,1476,6.31,0.15,540.2,320.53,,,249.33,1287
99803,1,2012,Dec,10.49589041,0.958,2188,7.15,0.71,778.25,592.99,,,524.58,1571
101614,1,2013,Nov,21,0.939284925,460,8.98,1,61,340,1000,,71,502
101623,1,2013,Nov,21,0.934305978,616,9.08,1,51,510,1300,,98,516
101630,1,2013,Nov,21,0.941568406,593,9.05,1,67,460,1200,,98,593
101636,1,2013,Nov,21,0.970801886,487,8.89,1,73,320,1000,,60,399
101642,1,2013,Nov,21,0.931319893,294,8.91,1,40,200,730,,56,491
101649,1,2013,Nov,21,0.920661688,375,8.92,1,43,270,810,,64,466
101650,1,2013,Nov,21,0.922128998,313,8.84,1,39,190,750,,39,381
101657,1,2013,Nov,21,0.920684681,19.73,8.3,1,27,100,550,,32,453
101664,1,2013,Nov,21,0.943013766,318,8.71,1,49,170,740,,52,498
101670,1,2013,Nov,21,0.927010243,261,8.64,1,35,150,560,,41,424
101676,1,2013,Nov,21,0.933300268,431,8.77,1,62,280,870,,93,449
101682,1,2013,Nov,21,0.933291016,401,8.9,1,40,300,880,,61,490
101687,1,2013,Nov,21,0.964694561,306,8.69,1,49,170,730,,43,468
101614,1,2013,Nov,21,,460,8.98,0.5,61,340,1000,,71,502
101623,1,2013,Nov,21,,616,9.08,0.5,51,510,1300,,98,516
101630,1,2013,Nov,21,,593,9.05,0.5,67,460,1200,,98,593
101636,1,2013,Nov,21,,487,8.89,0.5,73,320,1000,,60,399
101642,1,2013,Nov,21,,294,8.91,0.5,40,200,730,,56,491
101649,1,2013,Nov,21,,375,8.92,0.5,43,270,810,,64,466
101650,1,2013,Nov,21,,313,8.84,0.5,39,190,750,,39,381
101657,1,2013,Nov,21,,19.73,8.3,0.5,27,100,550,,32,453
101670,1,2013,Nov,21,,261,8.64,0.5,35,150,560,,41,424
101676,1,2013,Nov,21,,431,8.77,0.5,62,280,870,,93,449
101682,1,2013,Nov,21,,401,8.9,0.5,40,300,880,,61,490
101687,1,2013,Nov,21,,306,8.69,0.5,49,170,730,,43,468
101664,1,2013,Nov,21,,318,8.71,0.5,49,170,740,,52,498
102230,1,2013,Jan,23.7,0.9631755,303,8.9,0.5,40,180,570,,52,426
102239,1,2013,Jan,23.7,0.9359238,523,9.03,0.5,60,360,1000,,63,458
102246,1,2013,Jan,23.7,0.9420104,487,8.96,0.5,68,340,1000,,68,474
102253,1,2013,Jan,23.7,0.9202331,547,9.02,0.5,56,420,1200,,85,447
102260,1,2013,Jan,23.7,,331,8.74,2.7,48,140,690,,36,332
102267,1,2013,Jan,23.7,0.9532769,285,8.8,3.8,33,150,700,,41,342
102268,1,2013,Jan,23.7,0.9182986,234.4,8.66,0.5,25,110,580,,31,349
105627,1,2013,Jan,23.7,0.9261944,261.8,8.62,0.5,35,140,580,,38,409
105634,1,2013,Jan,23.7,0.9214079,383,9.03,0.5,28,300,920,,58,429
105642,1,2013,Jan,23.7,0.953925,286,8.66,0.5,44,150,730,,44,385
116185,1,2013,Jan,23.7,0.9478298,257.3,8.73,0.5,44,130,580,,37,353
116167,1,2013,Jan,23.7,0.9402652,289,8.86,0.5,39,170,740,,47,372
116173,1,2013,Jan,23.7,0.9271563,242.5,8.8,0.5,40,140,390,,43,621
116179,1,2013,Jan,23.7,0.9076635,257,8.72,0.5,34,150,680,,44,534
123358,1,2014,Dec,34.2,,316,8.94,0.5,41,220,880,,61,556
123341,1,2014,Dec,34.2,,308,8.91,0.5,39,200,820,,59,505
123348,1,2014,Dec,34.2,,374,8.89,0.5,51,260,1000,,63,466
123254,1,2014,Dec,34.2,,442,8.85,0.5,55,260,810,,64,325
123357,1,2014,Dec,34.2,,360,8.92,0.5,48,250,830,,68,449
123366,1,2014,Dec,34.2,,379,9.09,0.5,45,220,860,,57,452
123375,1,2014,Dec,34.2,,249.3,8.49,3.9,46,120,600,,35,468
123385,1,2014,Dec,34.2,,270,8.85,0.5,44,170,760,,48,457
123386,1,2014,Dec,34.2,,327,8.81,0.5,53,210,720,,52,440
123394,1,2014,Dec,34.2,,275,9,0.5,47,180,770,,43,377
123411,1,2014,Dec,34.2,,258.6,8.62,7.5,39,150,760,,39,518
123419,1,2014,Dec,34.2,,337,8.86,0.5,37,180,800,,59,487
123428,1,2014,Dec,34.2,,363,8.85,0.5,42,250,730,,58,374
123434,1,2014,Dec,34.2,,282,8.91,0.5,47,160,600,,43,318
123441,1,2014,Dec,34.2,,251.2,8.69,0.5,33,140,610,,44,413
123732,1,2014,Jan,35.6,,296.6,8.57,40,48,130,600,,29,418
123733,1,2014,Jan,35.6,,296.6,8.79,22,48,140,710,,38,436
123741,1,2014,Jan,35.6,,223.8,8.64,38,18,100,650,,31,411
123750,1,2014,Jan,35.6,,310,9.14,20,43,180,780,,41,433
123765,1,2014,Jan,35.6,,294,8.96,18,50,160,660,,36,386
123774,1,2014,Jan,35.6,,285.9,8.97,17,44,150,710,,36,438
123775,1,2014,Jan,35.6,,268.2,8.83,19,37,130,650,,33,387
123784,1,2014,Jan,35.6,,289.2,8.9,19,45,150,660,,37,434
123792,1,2014,Jan,35.6,,191.6,8.58,7.7,18,95,460,,28,381
123800,1,2014,Jan,35.6,,383,9.01,1,73,210,880,,49,445
123808,1,2014,Jan,35.6,,352,9.18,0.5,52,220,750,,55,416
123816,1,2014,Jan,35.6,,343,9.08,0.5,48,210,700,,52,433
123824,1,2014,Jan,35.6,,238.9,9.01,0.5,23,120,600,,33,403
123758,1,2014,Jan,35.6,,254.5,8.83,31,28,120,570,,33,411
133485,1,2015,Nov,45.45479452,,292,8.17,46,49,130,630,,27,402
133728,1,2015,Feb,47.93424658,,266,8.2,48.8,34.5,,,380,,
133730,1,2015,Feb,47.93424658,,397,8.8,8.6,53.8,,,660,,
133735,1,2015,Feb,47.93424658,,184,8.6,7.1,6.4,,,670,,
89444,2,2011,Feb,0,0.912,28.9,6.72,0.075,1.3,0.58,,,38,12
89448,2,2011,Feb,0,0.903,32.4,6.79,0.075,1.3,0.48,,,36,12
89456,2,2011,Feb,0,0.922,34,6.8,0.075,1.3,0.51,,,35,11
89581,2,2011,Feb,0,0.882404856,22.7,6.48,0.15,0.315538119,0.949386164,7.610538674,,11.38597445,26.74066526
89590,2,2011,Feb,0,0.90063298,24.6,6.4,0.15,0.307229718,0.899915612,8.253711279,,12.09375018,23.48632283
89601,2,2011,Feb,0,0.920020318,25.7,6.29,0.15,0.300866549,0.451398346,1.098231643,,11.09417628,23.72835156
89611,2,2011,Feb,0,0.930228892,26.2,6.55,0.15,0.30867838,0.552931186,1.095692055,,10.30306211,23.37532949
89615,2,2011,Feb,0,0.945670572,22.7,6.47,0.15,0.294324558,0.540737834,0.513439034,,9.89067897,18.61327781
89581,2,2011,Feb,0,0.882,22.7,6.48,0.075,1.4,0.95,,,82,27
89590,2,2011,Feb,0,0.901,24.6,6.4,0.075,1.4,0.9,,,72,23
89601,2,2011,Feb,0,0.92,25.7,6.29,0.075,1.3,0.45,,,73,24
89611,2,2011,Feb,0,0.93,26.2,6.55,0.075,1.4,0.55,,,72,23
89615,2,2011,Feb,0,0.946,22.7,6.47,0.075,1.3,0.54,,,57,19
89723,2,2011,Feb,0,0.915745476,26.7,6.71,0.15,0.318947652,2.386437073,11.32006687,,8.968602743,19.73333137
89723,2,2011,Feb,0,0.916,26.7,6.71,0.075,1.4,2.39,,,61,20
89752,2,2011,Feb,0,0.899622805,38.4,6.55,0.15,1.339472606,5.786453938,44.33497937,,13.87468426,25.73192125
89756,2,2011,Feb,0,0.905016879,33.6,6.6,0.15,0.980028382,5.436227017,35.24030084,,13.22488067,24.63681968
89761,2,2011,Feb,0,0.898935192,32.4,6.65,0.15,0.62920761,4.728010699,28.14044938,,11.14949042,24.69084048
89752,2,2011,Feb,0,0.9,38.4,6.55,0.075,5.9,5.79,,,79,26
89756,2,2011,Feb,0,0.905,33.6,6.6,0.075,4.3,5.44,,,76,25
89761,2,2011,Feb,0,0.899,32.4,6.65,0.075,2.8,4.73,,,76,25
99357,2,2012,Nov,9.123287671,0.909,45.9,6.97,0.9,3.74,5.39,,,4.22,244
99358,2,2012,Nov,9.123287671,0.91,36.7,6.7,0.85,3.34,0.57,,,4.13,240
99362,2,2012,Nov,9.123287671,0.907,148.2,7.56,1.43,10.67,69.38,,,8.75,267
99366,2,2012,Nov,9.123287671,0.926,59.2,7.03,0.95,7.33,15.05,,,7.75,307
99367,2,2012,Nov,9.123287671,0.917,82,7,0.89,9.42,24.08,,,25.36,284
99356,2,2012,Nov,9.123287671,0.919,1646,9.39,0.15,125.49,1490.17,,,134.43,639
99361,2,2012,Nov,9.123287671,0.912,376,8.53,0.15,26.58,243.02,,,22.87,290
99365,2,2012,Nov,9.123287671,0.915,203,7.83,1.12,19.96,105.89,,,22.54,326
99355,2,2012,Nov,9.123287671,0.902,24.9,6.39,0.15,0.22,1.29,,,5.13,332
99360,2,2012,Nov,9.123287671,0.87,2.19,9.28,0.15,70.07,2035.77,,,61.29,581
99364,2,2012,Nov,9.123287671,0.892,22.9,6.7,0.15,0.28,1.75,,,6.16,301
99354,2,2012,Nov,9.123287671,0.945,26.5,6.43,0.15,0.23,2.02,,,5.88,293
99359,2,2012,Nov,9.123287671,0.967,49.2,6.77,0.15,2.82,8.43,,,6.6,288
99363,2,2012,Nov,9.123287671,0.923,24.2,6.84,0.15,0.23,1.3,,,5.3,278
99804,2,2012,Dec,10.30684932,0.898,25.2,6.59,0.15,0.21,0.33,,,4.68,271
99809,2,2012,Dec,10.30684932,0.885,170.6,8.36,0.15,0.53,240.3,,,23.23,243
99805,2,2012,Dec,10.30684932,0.895,48.2,6.53,0.15,15.61,6.08,,,4.19,288
99810,2,2012,Dec,10.30684932,0.918,1390,9.23,0.15,15.17,1321.87,,,84.67,449
99806,2,2012,Dec,10.30684932,0.909,17.9,6.35,0.15,0.21,0.39,,,6.31,251
99811,2,2012,Dec,10.30684932,0.901,524,8.86,2.73,21.64,361.16,,,73.76,601
99812,2,2012,Dec,10.30684932,0.907,863,9.14,1.51,46.99,654.79,,,150.25,858
99531,2,2012,Dec,10.30684932,0.991,40.3,6.56,0.15,0.94,2.93,,,6.67,283
99807,2,2012,Dec,10.30684932,0.928,36.1,6.39,0.15,0.91,3.49,,,6.44,286
99808,2,2012,Dec,10.30684932,0.941,31.5,6.35,0.15,0.6,2.47,,,6.17,255
101615,2,2013,Nov,21,0.895485118,286,8.69,1,24,130,870,,48,491
101621,2,2013,Nov,21,0.90853816,280,8.68,1,22,170,870,,43,475
101624,2,2013,Nov,21,0.925362985,555,9.04,1,27,460,1500,,94,545
101631,2,2013,Nov,21,0.904242473,196.3,8.5,1,12,100,670,,30,469
101637,2,2013,Nov,21,0.988202527,524,8.46,1,120,260,1100,,42,509
101643,2,2013,Nov,21,0.919288974,166.5,8.38,1,12,81,540,,30,444
101651,2,2013,Nov,21,0.925762528,570,8.99,1,48,430,1200,,110,614
101658,2,2013,Nov,21,0.920193257,365,9,1,11,320,1100,,50,473
101665,2,2013,Nov,21,0.935683315,414,8.88,1,30,300,970,,63,522
101671,2,2013,Nov,21,0.919159566,179.6,8.23,1,19,83,560,,27,454
101677,2,2013,Nov,21,0.927517101,140.5,7.77,1,24,55,430,,19,485
101683,2,2013,Nov,21,0.908796494,118.1,7.88,1,15,49,400,,20,453
101688,2,2013,Nov,21,0.973906094,192.2,7.91,1,28,78,550,,25,471
102231,2,2013,Jan,23,0.9788169,281,8.74,0.5,20,160,930,,37,423
102240,2,2013,Jan,23,0.9156748,295,9.01,0.5,6,200,950,,54,428
102247,2,2013,Jan,23,0.8931907,305,8.98,0.5,4.1,220,860,,51,368
102254,2,2013,Jan,23,0.9003783,262.1,8.81,0.5,15,160,830,,44,382
102259,2,2013,Jan,23,,214.8,8.75,0.5,16,120,620,,30,374
102261,2,2013,Jan,23,0.9692207,215.6,8.55,20,22,110,810,,29,437
102269,2,2013,Jan,23,0.9071663,144.3,8.59,0.5,1.3,79,520,,29,335
105628,2,2013,Jan,23,0.9416742,211.4,8.76,0.5,7,120,680,,36,387
105635,2,2013,Jan,23,0.9136373,221.9,8.95,0.5,0.5,150,500,,20,227
105643,2,2013,Jan,23,0.9113369,171.1,8.5,0.5,16,83,630,,28,395
116168,2,2013,Jan,23,0.9565446,222.8,8.26,18,28,96,660,,23,297
116174,2,2013,Jan,23,0.9263204,142.4,8.23,0.5,25,64,540,,25,562
116180,2,2013,Jan,23,0.909402,99.6,7.5,0.5,19,36,190,,15,467
116184,2,2013,Jan,23,0.9068042,91.7,7.6,0.5,18,33,210,,15,506
123342,2,2014,Dec,34.1,,267.7,8.59,9.6,28,120,750,,30,387
123349,2,2014,Dec,34.1,,199.6,8.64,3.2,7.4,110,650,,37,280
123359,2,2014,Dec,34.1,,238.8,8.62,13,20,0.5,770,,32,366
123367,2,2014,Dec,34.1,,213.8,8.66,10,13,110,450,,33,355
123368,2,2014,Dec,34.1,,245,8.68,11,16,120,710,,34,331
123376,2,2014,Dec,34.1,,203.3,8.23,22,23,81,510,,22,377
123387,2,2014,Dec,34.1,,191.3,8.64,18,15,110,700,,30,361
123395,2,2014,Dec,34.1,,280,8.5,37,42,140,590,,21,323
123412,2,2014,Dec,34.1,,168.1,8.85,1.1,10,99,620,,29,343
123420,2,2014,Dec,34.1,,177.2,8.57,5.2,15,91,710,,30,349
123429,2,2014,Dec,34.1,,194.4,8.45,19,17,95,620,,24,302
123435,2,2014,Dec,34.1,,156.9,8.13,3,25,60,450,,22,312
123442,2,2014,Dec,34.1,,144,8.15,0.5,14,59,440,,21,292
123443,2,2014,Dec,34.1,,157.7,8.16,0.5,17,66,460,,22,310
133487,2,2015,Nov,33,,261.8,8.03,49,35,110,480,,19,415
133496,2,2015,Nov,33,,271.6,7.35,59,39,110,460,,16,422
133505,2,2015,Nov,33,,269,7.65,60,38,110,350,,17,425
133506,2,2015,Nov,33,,271.2,7.63,58,37,110,470,,17,379
133513,2,2015,Nov,33,,274.4,7.84,61,35,110,470,,19,402
133522,2,2015,Nov,33,,256.4,7.83,46,38,99,560,,18,418
133531,2,2015,Nov,33,,276,7.86,52,49,110,600,,16,433
133541,2,2015,Nov,33,,273,7.71,56,42,110,560,,15,414
133548,2,2015,Nov,33,,252,7.63,51,35,100,550,,17,399
133557,2,2015,Nov,33,,219.6,8.09,41,14,93,630,,28,409
133564,2,2015,Nov,33,,275.9,7.88,63,29,110,600,,19,421
133571,2,2015,Nov,33,,302,7.81,64,41,120,600,,18,416
133572,2,2015,Nov,33,,328,7.89,70,45,130,640,,16,405
133578,2,2015,Nov,33,,273,7.85,57,32,100,620,,18,411
89782,3,2011,Feb,0.1,0.914550985,36.3,6.82,0.045731707,0.998033019,2.370341033,15.85535561,,8.640434282,22.65855032
89788,3,2011,Feb,0.1,0.923576912,55.8,7.15,2.56,0.759570652,4.458275901,18.16853994,,5.916377485,19.65555312
89790,3,2011,Feb,0.1,0.906865234,39.6,7.05,0.045731707,0.500228276,2.933459709,14.47134083,,6.303001334,20.73260317
89794,3,2011,Feb,0.1,0.920872326,44.3,6.97,0.778964798,1.067922675,3.09644725,15.19852508,,8.581904309,21.66516452
89970,3,2011,Feb,0.1,0.91797311,30.5,6.52,0.045731707,0.451688638,2.042093986,13.83403047,,8.381883837,19.89521556
89974,3,2011,Feb,0.1,0.94477658,25.7,6.66,0.045731707,0.56383955,0.59672522,2.264263862,,7.601175778,13.44044978
89980,3,2011,Feb,0.1,0.94628933,24.4,6.65,0.045731707,0.512605099,0.78735643,4.133236634,,7.837849626,22.20807233
89905,3,2011,Feb,0.1,0.898138582,29.9,6.52,0.045731707,0.817165873,2.10306924,20.04353084,,9.040743694,21.93264713
89913,3,2011,Feb,0.1,0.908256344,29.2,6.42,0.045731707,0.797859051,1.734210001,16.62367617,,9.674616887,23.11768457
89920,3,2011,Feb,0.1,0.904938169,31.8,6.48,0.741950585,0.561441986,2.264891127,19.80680217,,7.849409594,21.11761505
89811,3,2011,Feb,0.1,0.904606956,38.7,6.89,0.763714422,0.967921564,2.710235276,16.92004605,,9.161784872,22.62574857
89816,3,2011,Feb,0.1,0.893972295,34,6.83,0.045731707,0.596742979,2.229058029,13.03817918,,8.222227823,27.34768965
89820,3,2011,Feb,0.1,0.893943678,35.8,6.37,0.045731707,0.829382166,2.710084169,18.3320723,,8.795887934,22.52564713
89827,3,2011,Feb,0.1,0.910654662,37.9,6.68,0.045731707,1.144856032,2.315348032,15.81677931,,7.840836275,22.23940944
89829,3,2011,Feb,0.1,0.908510212,37.7,6.65,0.045731707,0.725211928,2.532366691,18.92985434,,8.842950769,21.96249491
99148,3,2012,Nov,8.526027397,0.946,466,6.52,0.045731707,136.52,150.34,233.9004625,,206.4502233,846
99164,3,2012,Nov,8.526027397,0.936,878,5.34,0.045731707,370.61,168.82,281.2790685,,253.7661493,1110
99196,3,2012,Nov,8.526027397,0.899,460,5.61,0.045731707,180.94,105.36,181.8042489,,194.2224849,876
99152,3,2012,Nov,8.526027397,0.891,29.14,6.62,0.420731707,0.7,2.92,24.0089363,,6.522344318,428
99168,3,2012,Nov,8.526027397,0.898,42.4,6.71,0.408536585,5.18,10.46,58.93117382,,9.387904373,437
99191,3,2012,Nov,8.526027397,0.891,24.78,6.75,0.405487805,0.67,2.26,18.96422945,,6.271528455,474
99156,3,2012,Nov,8.526027397,0.932,97.1,7.55,0.423780488,10.9,80.05,216.7470048,,17.11012973,320
99172,3,2012,Nov,8.526027397,0.917,214.5,7.39,0.045731707,66.47,96.17,415.8819356,,27.7470241,622
99160,3,2012,Nov,8.526027397,0.904,30.8,6.84,0.399390244,1.79,6.52,72.80097997,,6.435207669,349
99177,3,2012,Nov,8.526027397,0.885,87.8,6.49,0.414634146,29.57,24.6,84.02713618,,13.90868726,478
99181,3,2012,Nov,8.526027397,0.902,177.6,6.23,0.417682927,77.54,30.6,130.0057344,,33.70786587,508
99814,3,2012,Dec,9.97260274,0.915,215.3,8.39,0.408536585,28.02,0.43,408.137763,,31.73549879,280.7478414
99819,3,2012,Dec,9.97260274,0.884,363,6.67,0.045731707,2.62,5.67,31.62253659,,6.624192016,298.0247459
99823,3,2012,Dec,9.97260274,0.932,146.4,6.61,0.045731707,38.37,100.04,307.5952276,,42.19275568,497.4562545
99815,3,2012,Dec,9.97260274,0.885,35.8,6.65,0.045731707,3.07,5.36,135.5282275,,6.095589089,327.5109468
99820,3,2012,Dec,9.97260274,0.895,380,8.74,0.432926829,56.14,297.35,1200.847817,,62.2057314,461.4762553
99816,3,2012,Dec,9.97260274,0.941,32.7,6.97,0.045731707,2.69,7.78,124.3696877,,7.283111547,214.2998009
99821,3,2012,Dec,9.97260274,0.891,50.5,7.08,0.045731707,2.47,17.77,365.5951886,,5.709029873,318.1835238
99817,3,2012,Dec,9.97260274,0.962,1380,8.55,0.423780488,331.39,572.52,926.261263,,413.2751756,1021.064848
100149,3,2012,Feb,11.66886606,0.908,347,8.1,0.62804878,58.77,173.25,848.436075,,37.98,405
100146,3,2012,Feb,11.66886606,0.9,335,8.06,0.457317073,50.51,177.79,996.6573541,,26.85,317
101644,3,2013,Nov,20.46027397,0.9092,517,8.88,1,66,370,1300,,67,488
101616,3,2013,Nov,20.46027397,0.904857046,540,9.04,1,54,470,1200,,70,529
101625,3,2013,Nov,20.46027397,0.927847442,534,9.06,1,57,450,1100,,87,657
101632,3,2013,Nov,20.46027397,0.935583741,570,9.09,1,57,490,1400,,100,795
101638,3,2013,Nov,20.46027397,0.973074151,480,8.51,1,120,250,1000,,35,594
101678,3,2013,Nov,20.46027397,0.916685123,389,8.58,1,68,210,1100,,41,691
101684,3,2013,Nov,20.46027397,0.913201049,233.6,8.3,1,33,120,670,,27,626
101652,3,2013,Nov,20.46027397,0.9258,622,8.98,1,71,490,1400,,92,581
101659,3,2013,Nov,20.46027397,0.9159,687,8.99,1,91,520,1300,,99,675
101666,3,2013,Nov,20.46027397,0.9711,447,8.77,1,73,270,1000,,62,601
101672,3,2013,Nov,20.46027397,0.9081,577,8.91,1,93,410,1300,,82,693
101689,3,2013,Nov,20.46027397,0.954,215.4,8.07,1,38,92,690,,21,532
102248,3,2013,Jan,23.25479452,,418,8.95,1,48,270,970,,54,481
102255,3,2013,Jan,23.25479452,,411,8.79,1,69,210,910,,40,390
105636,3,2013,Jan,23.25479452,,645,9.09,1.2,35,510,1500,,85,392
102241,3,2013,Jan,23.25479452,,369,8.86,1,55,220,1000,,47,416
102262,3,2013,Jan,23.25479452,,457,8.89,1,78,290,1300,,54,449
102270,3,2013,Jan,23.25479452,,401,8.93,1,55,290,1200,,47,406
116164,3,2013,Jan,23.25479452,,261,8.53,9.6,50,120,970,,25,329
116169,3,2013,Jan,23.25479452,,179,8.59,1,30,86,690,,26,338
116175,3,2013,Jan,23.25479452,,260,8.74,1,31,140,670,,32,312
116181,3,2013,Jan,23.25479452,,154.8,8.18,1,17,64,440,,23,346
105629,3,2013,Jan,23.26979072,,220.4,8.3,1,42,100,700,,26,344
123343,3,2014,Dec,33.77534247,0.965551457,403,8.64,2.8,82,200,800,,37,396
123350,3,2014,Dec,33.77534247,0.924717977,313,8.9,1,37,200,990,,47,311
123360,3,2014,Dec,33.77534247,0.917912934,385,8.78,1,47,220,1000,,51,389
123369,3,2014,Dec,33.77534247,0.910031408,419,8.91,1,53,280,1100,,55,370
123377,3,2014,Dec,33.77534247,0.937922681,359,9.13,1,48,240,1000,,54,407
123388,3,2014,Dec,33.77534247,0.926319663,302,8.99,1,51,190,940,,43,372
123396,3,2014,Dec,33.77534247,0.92461335,368,8.94,1,63,220,990,,38,420
123413,3,2014,Dec,33.77534247,0.95,312,8.9,1,51,200,960,,40,426
123421,3,2014,Dec,33.77534247, ,287,8.72,9.5,45,160,910,,31,418
123430,3,2014,Dec,33.77534247, ,315,8.79,4.4,59,190,780,,34,393
133488,3,2015,Nov,44.96815068,,378,8.32,57,62,180,850,,26,419
133497,3,2015,Nov,44.96815068,,317,8.3,77,65,190,850,,23,411
133507,3,2015,Nov,44.96815068,,350,8.07,81,56,170,740,,20,429
133514,3,2015,Nov,44.96815068,,358,8.3,71,52,170,820,,23,419
133523,3,2015,Nov,44.96815068,,409,8.18,87,60,180,820,,20,432
133532,3,2015,Nov,44.96815068,,415,8.29,80,62,200,890,,25,439
133542,3,2015,Nov,44.96815068,,442,8.34,84,68,210,980,,22,432
133549,3,2015,Nov,44.96815068,,431,8.32,84,65,200,850,,23,421
133558,3,2015,Nov,44.96815068,,401,8.29,71,62,180,770,,20,409
133566,3,2015,Nov,44.96815068,,428,8.32,89,62,190,830,,22,430
133573,3,2015,Nov,44.96815068,,411,8.34,83,56,180,860,,22,407
133579,3,2015,Nov,44.96815068,,395,8.39,74,56,180,820,,21,423
133565,3,2015,Nov,45.20152778,,404,8.3,84,58,180,860,,22,422
89800,4,2011,Feb,0.1,0.927174963,37.7,6.87,0.764792878,0.937472122,2.677044376,14.46313289,,8.177559063,21.03957424
89805,4,2011,Feb,0.1,0.931699696,37.7,6.81,0.74830287,1.091916155,2.512769941,14.11306588,,9.109685024,17.89411975
89879,4,2011,Feb,0.1,0.908142327,36.6,6.65,0.768689161,0.556123794,3.10518131,25.66211646,,7.539188845,24.67928493
89888,4,2011,Feb,0.1,0.902212729,30.4,6.64,0.045731707,0.435719466,2.389120844,17.80905708,,7.507558248,26.63345264
89900,4,2011,Feb,0.1,0.909212116,34.8,6.64,0.755041293,0.528224672,2.235013301,16.76933548,,7.610129572,22.84000854
89834,4,2011,Feb,0.1,0.903889339,36.4,6.71,0.761828708,0.989449583,2.940439333,19.50020595,,7.506984153,6.322627484
89838,4,2011,Feb,0.1,0.903563084,33.7,6.69,0.742032568,0.707274764,2.359847301,15.298761,,7.507814151,4.915973962
89842,4,2011,Feb,0.1,0.902754724,31.3,6.79,0.747682688,0.456180859,2.581660892,23.69114849,,8.257331351,25.21944611
89848,4,2011,Feb,0.1,0.911972387,28,6.43,0.045731707,0.408423364,2.150201276,22.31687156,,8.264220295,25.72340985
89852,4,2011,Feb,0.1,0.90922664,35.6,6.68,0.752616765,0.522505104,2.878249787,21.43476208,,8.115088588,22.27378212
89984,4,2011,Mar,0.1,0.941182859,36.4,6.78,0.724682299,0.725362358,1.176597862,4.930511831,,6.742042829,11.22045724
89987,4,2011,Mar,0.1,0.919649543,27.3,6.48,0.045731707,0.612557561,1.510790929,13.2084615,,8.777538244,4.502686846
89992,4,2011,Mar,0.1,0.94468184,36.4,7.02,0.045731707,0.704666996,0.841708193,2.969799219,,6.571801561,3.289119165
99132,4,2012,Nov,8.526027397,0.931,23.49,6.33,0.045731707,0.49,1.44,10.64821589,,4.45518803,307
99136,4,2012,Nov,8.526027397,0.886,171.1,7.02,0.432926829,58.04,58.03,296.18505,,29.97137698,410
99140,4,2012,Nov,8.526027397,0.922,172.6,6.48,0.045731707,55.16,92.01,232.8904001,,38.03372505,514
99144,4,2012,Nov,8.526027397,0.939,115.7,7.31,0.045731707,23.53,72.67,188.1039564,,27.49244519,340
100254,4,2012,Nov,8.54849277,0.954,271,8.24,0.31402439,20.63,180.115183,327.4145818,,15.43830003,878
100253,4,2012,Nov,8.54849277,0.905,54.2,7.01,0.045731707,3.76,156.8324713,663.0507739,,6.432971629,240
100252,4,2012,Nov,8.54849277,0.926,25,7.29,0.045731707,0.23,8.446003948,39.34731145,,7.86013115,258
99827,4,2012,Dec,9.97260274,0.978,821,9.13,0.432926829,85,502.7,1024.618009,,247.4054672,758.9866112
99833,4,2012,Dec,9.97260274,0.951,1923,8.19,0.588414634,534.63,958.84,1406.158847,,572.6243945,1598.864755
99826,4,2012,Dec,9.97260274,0.927,814,9.32,0.045731707,38.3,637.88,1766.094115,,54.42569832,263.1550005
99829,4,2012,Dec,9.97260274,0.906,253.1,8.41,0.445121951,40.62,156.39,526.0231435,,34.03212639,323.1133848
99831,4,2012,Dec,9.97260274,0.907,926,9.26,0.045731707,58.42,863.44,2439.35493,,85.76901408,533.6959936
99825,4,2012,Dec,9.97260274,0.902,878,7.24,0.426829268,229.09,829.37,845.1536419,,416.1842867,1050.94688
99830,4,2012,Dec,9.97260274,0.898,582,9.1,0.515243902,57.66,480.72,1432.328475,,56.99174364,351.5300482
99824,4,2012,Dec,9.97260274,0.91,60,7.14,0.414634146,6.36,391.02,63.56079183,,6.493378955,303.5713401
100152,4,2012,Feb,11.66886606,0.922,486,8.71,0.734756098,61.21,300.1057262,1084.927324,,47.62,407
100155,4,2012,Feb,11.66886606,0.921,622,8.93,0.597560976,54.76,435.0245231,1237.888144,,56.82,406
101639,4,2013,Nov,20.62465753,0.9613,418,8.75,1,74,250,730,,52,490
101645,4,2013,Nov,20.62465753,0.9316,395,8.95,1,38,300,880,,51,492
101653,4,2013,Nov,20.62465753,0.919738778,465,8.95,1,51,370,1200,,55,551
101660,4,2013,Nov,20.62465753,0.918864219,557,9.01,1,51,460,1250,,73,622
101673,4,2013,Nov,20.62465753,0.927077251,449,8.81,1,59,310,940,,63,677
101679,4,2013,Nov,20.62465753,0.945469529,366,8.7,1,42,210,900,,46,554
101685,4,2013,Nov,20.62465753,0.93068316,286,8.53,1,47,150,780,,36,623
101690,4,2013,Nov,20.62465753,0.971981548,446,8.92,1,58,320,1100,,68,624
101617,4,2013,Nov,20.62465753,0.9196,464,8.94,1,57,330,990,,65,513
101626,4,2013,Nov,20.62465753,0.9358,468,9.11,1,66,320,1100,,70,508
101633,4,2013,Nov,20.62465753,0.9456,566,8.93,1,83,390,1200,,87,635
101667,4,2013,Nov,20.64103158,0.94140455,553,8.92,1,65,410,1300,,74,512
102242,4,2013,Jan,23.25479452,,407,8.97,1,51,290,830,,67,427
102249,4,2013,Jan,23.25479452,,495,8.96,1,59,300,1200,,55,455
102256,4,2013,Jan,23.25479452,,409,8.86,1,67,270,940,,48,429
102263,4,2013,Jan,23.25479452,,491,9.11,1,32,310,1100,,69,406
105630,4,2013,Jan,23.25479452,,547,9.04,1,40,340,1000,,63,418
116165,4,2013,Jan,23.25479452,,499,8.82,1,81,300,1200,,55,427
102313,4,2013,Jan,23.25479452,,377,8.84,1,43,270,1200,,37,328
105637,4,2013,Jan,23.25479452,,422,8.93,1,50,300,1100,,53,432
116170,4,2013,Jan,23.25479452,,335,8.94,1,42,220,1100,,48,415
116176,4,2013,Jan,23.25479452,,385,8.91,1,47,270,930,,54,432
116182,4,2013,Jan,23.25479452,,455,9.02,1,10,380,1200,,67,592
123344,4,2014,Dec,33.77534247,0.944316567,370,8.84,1,48,220,1100,,52,379
123351,4,2014,Dec,33.77534247,0.929212533,417,8.91,1,58,250,1100,,58,309
123361,4,2014,Dec,33.77534247,0.917627987,393,8.92,1,48,240,920,,54,370
123370,4,2014,Dec,33.77534247,0.925865548,396,8.9,1,45,250,940,,47,363
123378,4,2014,Dec,33.77534247,0.90552273,213.6,9.12,1,18,140,770,,38,374
123379,4,2014,Dec,33.77534247,0.9016,247.2,9.18,2.3,22,170,830,,39,364
123389,4,2014,Dec,33.77534247,0.913765663,306,9.07,1.5,44,220,1000,,42,375
123397,4,2014,Dec,33.77534247,0.932710355,777,9.15,1,170,480,1200,,190,769
123415,4,2014,Dec,33.77534247,0.948,614,9.06,1,98,410,1100,,150,613
123422,4,2014,Dec,33.77534247, ,287,8.87,2.2,42,180,920,,30,410
123431,4,2014,Dec,33.77534247, ,318,8.8,1,56,180,810,,37,385
133489,4,2015,Nov,44.96986301,,388,8.64,45,70,210,840,,29,426
133498,4,2015,Nov,44.96986301,,409,8.65,49,70,220,930,,31,440
133508,4,2015,Nov,44.96986301,,390,8.7,46,69,220,900,,35,425
133524,4,2015,Nov,44.96986301,,381,8.74,25,53,200,900,,37,427
133515,4,2015,Nov,44.96986301,,439,8.7,38,76,220,1000,,36,421
89999,5,2011,Mar,0.1,0.866174764,53.1,6.89,0.045731707,2.264376309,0.959316839,31.67451617,,8.208429431,4.627358971
90002,5,2011,Mar,0.1,0.853634089,48.8,6.96,0.045731707,2.312352887,1.052271573,17.15301326,,6.2160653,4.549873482
90006,5,2011,Mar,0.1,0.840625026,49.2,6.92,0.045731707,2.323967346,3.254232672,15.26169936,,6.769632931,5.59755021
90032,5,2011,Mar,0.1,0.904755986,40.9,6.38,0.791595567,2.188834363,3.434595425,18.13019093,,8.732002088,20.74450632
90036,5,2011,Mar,0.1,0.909279558,58.8,7.21,0.822882317,1.676455572,4.378201444,16.81231676,,6.181255878,7.032958275
90038,5,2011,Mar,0.1,0.909349334,69.1,7.1,0.789050384,4.905448583,8.401902797,22.31761348,,7.389093495,16.72742508
90022,5,2011,Mar,0.1,0.904722259,57.4,6.97,0.763117566,4.876571236,7.366518922,20.81344541,,7.631323381,19.13872097
90027,5,2011,Mar,0.1,0.909623828,35.5,6.66,0.045731707,1.392757446,2.156509409,14.15724427,,7.442809871,4.889651569
90031,5,2011,Mar,0.1,0.892686341,29.6,6.42,0.045731707,0.668698003,2.394292198,18.69908608,,8.775670871,24.21133321
90009,5,2011,Mar,0.1,0.899129209,31.5,6.41,0.045731707,0.521613572,2.234073951,31.32869531,,10.15686532,25.00265977
90013,5,2011,Mar,0.1,0.911306449,32.4,6.58,0.045731707,0.672707655,2.310113371,13.49238362,,6.978654658,19.72776577
90018,5,2011,Mar,0.1,0.914620801,33.1,6.62,0.744884669,0.606042245,1.319435864,16.16849309,,7.560690445,21.61105092
99368,5,2012,Nov,8.317808219,0.907,271.8,6.86,0.045731707,78.15,78.17,250.6957144,,88.11186988,579
99373,5,2012,Nov,8.317808219,0.904,292,6.79,0.222560976,110.64,59.63,135.2927683,,51.06684682,492
99370,5,2012,Nov,8.317808219,0.93,186.8,7.51,0.045731707,0,47.94,117.5101496,,5.439986303,371
99375,5,2012,Nov,8.317808219,0.887,174.3,7.41,0.243902439,59.27,50.31,163.8654043,,3.873632211,247
99371,5,2012,Nov,8.317808219,0.906,27.33,6.25,0.231707317,52.16,1.35,20.96446921,,18.22516236,340
99376,5,2012,Nov,8.317808219,0.918,25.54,6.57,0.045731707,0.5,1.73,19.51846054,,5.34463558,366
99372,5,2012,Nov,8.317808219,0.92,177.8,6.46,0.228658537,56.65,34.6,77.98539812,,42.81048846,385
99377,5,2012,Nov,8.317808219,0.91,65,7.48,0.231707317,14.74,9.87,37.4795524,,14.11119792,338
99837,5,2012,Dec,9.468493151,0.951,522,7.6,0.225609756,133.09,217.08,580.9273372,,129.3284182,1054
99842,5,2012,Dec,9.468493151,0.927,360,8.93,0.271341463,43.49,195.71,465.8495247,,47.12874043,442
99836,5,2012,Dec,9.468493151,0.912,726,9.16,0.490853659,144.78,445.1,1059.653544,,19.9310218,605
99840,5,2012,Dec,9.468493151,0.91,31.7,6.69,0.045731707,1.45,3.27,28.90022257,,6.891006047,431
99835,5,2012,Dec,9.468493151,0.903,56.4,7.24,0.045731707,3.35,7.42,40.29915755,,3.012164522,421
99839,5,2012,Dec,9.468493151,0.904,190.4,8.56,0.045731707,14.53,94.42,264.2241974,,18.8447722,347
99834,5,2012,Dec,9.468493151,0.925,34.9,6.85,0.045731707,2.53,4.41,16.90098854,,5.881018633,306
100159,5,2012,Feb,12, ,479,8.8,0.6,91.6,, ,620, ,326
101646,5,2013,Nov,19.95616438,0.936464945,512,8.97,1,56,420,1200,,77,632
101654,5,2013,Nov,19.95616438,0.931394277,506,9.06,1,52,420,1200,,73,621
101661,5,2013,Nov,19.95616438,0.937782947,540,9.05,1,60,450,1200,,87,675
101668,5,2013,Nov,19.95616438,0.961558689,511,8.92,1,78,370,1100,,70,679
101640,5,2013,Nov,19.95616438,0.958089353,456,8.8,1,71,280,1100,,50,653
101634,5,2013,Nov,19.95616438,0.931316387,377,8.76,1,60,240,1000,,49,451
101627,5,2013,Nov,19.95616438,0.934128626,421,8.83,1,56,290,1100,,53,547
101618,5,2013,Nov,19.95616438,0.93630472,575,8.94,1,91,400,1300,,91,671
102243,5,2013,Jan,22.75068493,,403,8.94,1,48,290,950,,49,352
102250,5,2013,Jan,22.75068493,,401,8.94,1,50,280,780,,50,374
102264,5,2013,Jan,22.75068493,,317,8.94,1,32,200,970,,54,397
102314,5,2013,Jan,22.75068493,,455,8.98,1,54,330,1000,,54,359
105631,5,2013,Jan,22.75068493,,415,8.99,1,47,290,810,,55,399
102257,5,2013,Jan,22.75068493,,442,8.93,1,66,310,1000,,58,356
105638,5,2013,Jan,22.75068493,,318,9.09,1,27,230,940,,53,525
123371,5,2014,Dec,33.27123288,0.928817717,331,8.9,1,36,200,950,,49,405
123362,5,2014,Dec,33.27123288,0.91481909,415,8.95,1,54,280,960,,53,361
123352,5,2014,Dec,33.27123288,0.925686623,427,8.95,1,61,270,1000,,57,374
123345,5,2014,Dec,33.27123288,0.918172084,279,8.96,1,7.1,200,870,,60,367
123416,5,2014,Dec,33.27123288,0.9417,403,9.05,1,54,290,1000,,64,394
123398,5,2014,Dec,33.27123288,0.930497286,355,9.25,1,45,280,890,,50,341
123390,5,2014,Dec,33.27123288,0.924967441,337,9.23,1,55,250,930,,49,382
123380,5,2014,Dec,33.27123288,0.939661722,321,9.22,1,47,240,930,,55,373
133516,5,2015,Nov,44, ,346,8.7,1.7,47.3,,,680, ,412
133500,5,2015,Nov,44, ,385,8.8,2.7,49.6,,,690, ,424
133509,5,2015,Nov,44, ,357,8.7,21.7,46.9,,,700, ,437
133491,5,2015,Nov,44, ,364,8.7,28.2,45.3,,,680, ,524
133490,5,2015,Nov,44, ,379,8.7,30.4,46.7,,,670, ,442
133525,5,2015,Nov,44, ,374,8.8,0.9,51.4,,,670, ,498
133534,5,2015,Nov,44, ,379,8.8,1.6,47.9,,,760, ,510
133544,5,2015,Nov,44, ,370,8.8,1.1,45.4,,,740, ,456
133552,5,2015,Nov,44, ,372,8.8,0.9,46.9,,,720, ,450
133770,5,2015,Feb,47,0.905,268,8.8,4.4,8.6,, ,450, ,502
133775,5,2015,Feb,47, ,270,8.8,7.2,11.8,, ,640, ,444
133773,5,2015,Feb,47, ,326,8.8,1.7,24,, ,550, ,438
133777,5,2015,Feb,47,0.84,318,8.8,0.3,13.6,, ,630, ,516
147889,5,2016,Jan,59, ,86,7.3,0.6,25.3,, ,70, ,186
147914,5,2016,Jan,59, ,192,8.7,4.2,23.4,, ,360, ,117
147915,5,2016,Jan,59, ,42,7.5,1.3,10.8,, ,20, ,76
101619,6,2013,Nov,9.676712329,0.918323849,716,9.13,1,42,620,1700,,70,681
101622,6,2013,Nov,9.676712329,,643,9.11,1,42,550,1500,,62,479
101628,6,2013,Nov,9.676712329,0.909427756,455,8.89,1,67,280,1000,,56,586
101635,6,2013,Nov,9.676712329,0.925348614,461,9.03,1,70,310,1300,,61,580
101641,6,2013,Nov,9.676712329,0.942568164,274,7.66,1,92,77,600,,39,683
101647,6,2013,Nov,9.676712329,0.904068076,562,9,1,49,460,1300,,71,616
101655,6,2013,Nov,9.676712329,0.912491235,492,9.06,1,59,370,1400,,65,710
101662,6,2013,Nov,9.676712329,0.923073839,287,8.32,1,68,120,750,,38,629
101669,6,2013,Nov,9.676712329,0.899361502,445,8.99,1,53,310,1400,,62,709
101674,6,2013,Nov,9.676712329,0.916451851,780,9.1,1,72,660,1500,,180,965
101680,6,2013,Nov,9.676712329,0.893621296,362,8.45,1,82,160,890,,69,640
101686,6,2013,Nov,9.676712329,0.926559879,137.4,7.86,1,19,39,430,,28,439
101691,6,2013,Nov,9.676712329,0.922020337,667,9.16,1,61,540,1900,,97,629
102244,6,2013,Jan,12.30684932,0.913527297,295,8.65,1,21,150,790,,47,458
102251,6,2013,Jan,12.30684932,0.892930702,180.5,8.15,1,28,72,460,,31,328
102258,6,2013,Jan,12.30684932,,150.3,8.35,1,8.5,69,590,,26,387
102265,6,2013,Jan,12.30684932,,392,8.4,2.1,78,150,720,,38,409
105624,6,2013,Jan,12.30684932,,141.3,7.86,1,7.8,55,360,,46,492
105632,6,2013,Jan,12.30684932,,173.8,8.2,1,21,69,520,,30,341
105633,6,2013,Jan,12.30684932,,156.7,8.18,1,15,61,530,,33,438
105639,6,2013,Jan,12.30684932,,392,8.91,9.3,12,310,960,,39,404
116166,6,2013,Jan,12.30684932,,317,8.74,11,41,160,770,,31,403
116171,6,2013,Jan,12.30684932,,258.5,8.96,1.1,21,160,950,,37,433
116172,6,2013,Jan,12.30684932,,334,8.92,1.8,25,180,630,,41,430
116177,6,2013,Jan,12.30684932,,171.3,8.62,1,27,85,600,,26,496
116183,6,2013,Jan,12.30684932,,244.6,8.81,1.4,22,150,860,,33,484
116852,6,2013,Feb,13,,408,8.9,1,77,260,1200,,56,679
116853,6,2013,Feb,13,,77.1,7.32,1,18,20,140,,8.8,467
116854,6,2013,Feb,13,,489,9.06,1,42,440,1300,,78,702
116855,6,2013,Feb,13,,279,8.83,1,35,170,1000,,42,538
116856,6,2013,Feb,13,,350,8.97,1.8,20,290,1000,,62,525
123346,6,2014,Dec,22.82739726,0.970616546,320,8.34,18,73,140,710,,39,392
123353,6,2014,Dec,22.82739726,0.902437547,339,8.52,11,77,160,740,,39,398
123364,6,2014,Dec,22.82739726,0.913863109,295,8.72,3.3,45,150,970,,48,397
123372,6,2014,Dec,22.82739726,0.887712116,342,8.56,5.9,78,170,660,,39,374
123381,6,2014,Dec,22.82739726,0.952340797,256,8.83,11,49,140,730,,32,402
123391,6,2014,Dec,22.82739726,0.92694823,260.8,9.06,7.8,42,150,770,,39,399
123399,6,2014,Dec,22.82739726,0.934967719,215,8.47,2.5,56,120,730,,29,401
123400,6,2014,Dec,22.82739726,,253,8.68,3.2,42,130,1000,,39,372
123417,6,2014,Dec,22.82739726,0.879091082,441,8.96,3.2,110,280,1000,,51,440
123424,6,2014,Dec,22.82739726,0.940155881,247,8.66,5.6,39,120,800,,31,414
123432,6,2014,Dec,22.82739726,,266.2,8.68,3.2,38,100,780,,31,389
123439,6,2014,Dec,22.82739726,,304,8.59,1,66,140,710,,34,342
123446,6,2014,Dec,22.82739726,,432,9.11,1,21,250,1200,,76,496
123828,6,2014,Jan,24.21986301,0.907635187,175.6,8.07,15,29,64,370,,13,320
123738,6,2014,Jan,24.21986301,0.918216137,216.9,8.45,36,17,85,580,,33,389
123746,6,2014,Jan,24.21986301,0.915781938,386,8.02,91,57,150,620,,25,453
123747,6,2014,Jan,24.21986301,,379,7.99,93,46,150,670,,29,415
123756,6,2014,Jan,24.21986301,0.90630086,321,8.63,42,54,150,660,,28,458
123763,6,2014,Jan,24.21986301,0.897024644,214.8,8.36,20,20,88,500,,25,456
123770,6,2014,Jan,24.21986301,0.914919023,325,7.87,60,60,120,550,,18,437
137771,6,2014,Jan,24.21986301,,344,7.7,54,76,120,600,,17,461
123780,6,2014,Jan,24.21986301,0.899937405,323,7.65,90,49,120,550,,17,421
123790,6,2014,Jan,24.21986301,0.906156322,282.6,8.21,56,43,110,490,,24,436
123797,6,2014,Jan,24.21986301,0.917317098,57.9,7.36,1,3.6,12,98,,10,419
123805,6,2014,Jan,24.21986301,0.926424392,388,7.53,110,49,130,680,,14,438
123812,6,2014,Jan,24.21986301,0.925672785,310,8.02,77,42,120,620,,17,438
123821,6,2014,Jan,24.21986301,0.910023136,322,8.17,75,43,120,640,,19,428
133510,6,2015,Nov,34,,290,8,45.3,47.7,,,530,,452
133517,6,2015,Nov,34,,296,7.8,62.2,51.8,,,490,,462
133518,6,2015,Nov,34,,326,7.8,65.3,62.7,,,560,,506
133526,6,2015,Nov,34,,295,7.8,65.5,37.5,,,510,,528
133535,6,2015,Nov,34,,316,7.6,63.3,62.7,,,500,,490
133536,6,2015,Nov,34,,283,7.6,57.4,60.6,,,460,,529
147603,6,2016,Jan,48,0.877,214,7.7,33.6,30.6,,,360,,436
147606,6,2016,Jan,48,0.837,196,8.2,20.8,18.2,,,530,,475
147611,6,2016,Jan,48,0.835,169,7.8,23.5,25,,,310,,462
116539,7,2013,Jan,-0.1,0.961478327,136.5,7.37,1,11,1,6.4,,8.5,280
116540,7,2013,Jan,-0.076712329,0.994293593,254.2,8.79,1,13,1,1.8,,3.5,182
116546,7,2013,Jan,-0.076712329,0.9938,223.5,8.6,1,11,1,2,,4.1,185
116541,7,2013,Jan,-0.076712329,0.976519429,217,7.94,1,10,1,7,,6.1,130
116544,7,2013,Jan,0,0.92002501,22.79,7.33,1,1,1,3.2,,8.1,316
116545,7,2013,Jan,0,0.925335668,24.79,7.04,1,1,1,1,,5.4,305
116559,7,2013,Jan,0,0.923802825,23.25,7.94,1,1,1,1,,5.9,263
116560,7,2013,Jan,0,0.920064833,23.69,7.07,1,1,1,1,,5.8,412
116561,7,2013,Jan,0.021917808,0.936650984,23.7,7.09,1,1,1,1,,4.5,344
116563,7,2013,Jan,0.021917808,0.924788585,25.21,6.89,1,1,1,1,,4.9,284
116564,7,2013,Jan,0.021917808,0.922886237,23.79,6.58,1,1,1,1.9,,7.3,315
116565,7,2013,Jan,0.021917808,0.906792183,25.96,6.35,1,1,1,2,,7.6,416
116566,7,2013,Jan,0.021917808,0.902974759,25.88,6.36,1,1,1,3.3,,5.9,384
116567,7,2013,Jan,0.021917808,0.92687045,21.76,6.75,1,1,1,1,,4.9,308
116568,7,2013,Jan,0.021917808,0.930673058,26.9,6.53,1,1,1,1,,5.2,319
116569,7,2013,Jan,0.021917808,0.930177564,22.07,6.59,1,1,1,1,,5.1,349
116573,7,2013,Jan,0.021917808,0.92374281,23.35,6.64,1,1,1,1,,5.2,306
116574,7,2013,Jan,0.021917808,0.941585512,29.2,7.65,1,1,1,1,,5.5,334
116575,7,2013,Jan,0.021917808,0.918787697,26.17,7.17,1,1,1,1,,5.8,394
116576,7,2013,Jan,0.021917808,0.929015828,26.42,6.7,1,1,1,1,,5,344
116577,7,2013,Jan,0.021917808,0.917798278,28.9,6.53,1,1,1,1,,4.8,384
116579,7,2013,Jan,0.021917808,0.892624874,28.51,6.28,1,1,1,1.7,,5.8,395
116580,7,2013,Jan,0.021917808,0.923570906,25.06,6.34,1,1,1,1,,4.7,364
116581,7,2013,Jan,0.021917808,0.921110233,21.94,6.7,1,1,1,1,,5.1,302
116582,7,2013,Jan,0.021917808,0.942072001,39.5,6.57,1,1,1,1,,3.4,366
116583,7,2013,Jan,0.021917808,0.944282934,27.06,6.79,1,1,1,1,,5.9,319
116584,7,2013,Jan,0.021917808,0.923013335,21.52,6.52,1,1,1,1.1,,6.1,397
116585,7,2013,Jan,0.021917808,0.95369409,27.97,6.52,1,1,1,1,,5.9,352
116586,7,2013,Jan,0.021917808,0.932139184,26.38,6.47,1,1,1,1,,5.3,272
116587,7,2013,Jan,0.021917808,0.930390818,27.38,6.65,1,1,1,4.7,,4.9,307
116588,7,2013,Jan,0.021917808,0.920973939,23.81,6.58,1,1,1,1,,5.3,364
116589,7,2013,Jan,0.021917808,0.918576512,25.33,6.5,1,1,1,1,,5.1,272
116590,7,2013,Jan,0.021917808,0.934712992,26.22,6.59,1,1,1,1,,5.1,354
116592,7,2013,Jan,0.021917808,0.945175147,28,6.84,1,1,1,1,,5.2,422
116593,7,2013,Jan,0.021917808,0.91836633,27.9,6.86,1,1,1,1,,4.3,378
116595,7,2013,Jan,0.021917808,0.918689766,26.94,6.71,1,1,1,1,,4.8,429
116596,7,2013,Jan,0.021917808,0.896868445,39.9,6.11,1,1,1,1.5,,4,440
116600,7,2013,Jan,0.021917808,0.940817055,28.58,6.61,1,1,1,1,,5.6,316
116602,7,2013,Jan,0.021917808,0.929604637,27.8,6.46,1,1,1,1,,3.4,437
116608,7,2013,Jan,0.021917808,0.912124776,24.69,6.42,1,1,1,1.3,,5.1,380
116611,7,2013,Jan,0.021917808,0.951122269,28.2,6.49,1,1,1,1,,5.4,356
116612,7,2013,Jan,0.021917808,0.919519459,25.98,6.55,1,1,1,1,,4.7,339
116616,7,2013,Jan,0.021917808,0.920190535,30.5,6.56,1,1,1,1,,4.3,371
123373,7,2014,Dec,10.64109589,0.9419,79.2,8.88,1,28,280,930,,87,516
123356,7,2014,Dec,10.64109589,0.9249,406,9.11,1,9.8,310,1000,,29,314
123365,7,2014,Dec,10.64109589,0.9321,312,9.05,1,36,230,790,,47,347
123374,7,2014,Dec,10.64109589,0.922,405,8.24,1,120,170,660,,31,497
123383,7,2014,Dec,10.64109589,0.9209,2325,8.95,1,570,1200,3000,,430,1600
123401,7,2014,Dec,10.64109589,0.9068,414,8.83,1,63,250,920,,29,426
123418,7,2014,Dec,10.64109589,0.8706,182.8,9.98,1,79,37,150,,4,347
123427,7,2014,Dec,10.64109589,0.9149,1694,8.84,1,330,870,2500,,640,1750
123426,7,2014,Dec,10.64109589,0.9496,875,9.03,1,170,560,2600,,38,722
123402,7,2014,Dec,10.64109589,0.9187,869,9.15,1,41,770,2100,,76,445
123440,7,2014,Dec,10.64109589,0.9147,273,8.5,1,20,130,700,,24,385
123447,7,2014,Dec,10.64109589,0.8521,188.4,7.97,1,14,84,400,,14,249
123393,7,2014,Dec,10.64109589,0.9104,568,9.27, , , , ,, , 
123740,7,2014,Jan,12.03789954,0.9473,129.5,7.51,1,36,27,190,,8.1,321
123749,7,2014,Jan,12.03789954,0.92,471,9.22,1,45,260,1400,,45,307
123757,7,2014,Jan,12.03789954,0.913,321,8.92,1,54,150,710,,43,402
123764,7,2014,Jan,12.03789954,0.9024,253.1,8.65,1,45,100,590,,32,394
123773,7,2014,Jan,12.03789954,0.9293,302,8.99,1,46,140,670,,24,313
123783,7,2014,Jan,12.03789954,0.9192,500,9.15,1,78,300,1100,,45,401
123791,7,2014,Jan,12.03789954,0.9109,403,9.07,1,48,220,1200,,47,496
133494,7,2015,Nov,23,0.891,293,8.7,0.5,49.4,, ,740, ,466
133503,7,2015,Nov,23, ,391,8.9,0.6,48.7,, ,870, ,493
133511,7,2015,Nov,23,0.891,186,8.6,1,19.3,, ,510, ,372
133519,7,2015,Nov,23,0.918,297,8.7,0.1,46.4,, ,590, ,416
133520,7,2015,Nov,23,0.918,243,8.7,0.1,37,, ,530, ,408
133529,7,2015,Nov,23,0.916,501,8.8,0.4,56.6,, ,910, ,514
133538,7,2015,Nov,23, ,365,8.8,0.8,53.7,, ,720, ,532
133546,7,2015,Nov,23, ,323,8.7,1.3,58.6,, ,790, ,459
133554,7,2015,Nov,23, ,338,8.8,0.6,49.9,, ,780, ,551
133555,7,2015,Nov,23, ,329,8.7,0.4,44,, ,700, ,544
133562,7,2015,Nov,23, ,259,8.6,0.1,38.1,, ,560, ,480
133569,7,2015,Nov,23,0.912,279,8.6,0.5,47.1,, ,440, ,494
133797,7,2015,Feb,24,0.92,282,8.8,12.4,19.5,, ,650, ,509
133798,7,2015,Feb,24, ,256,8.6,21.5,17.1,, ,620, ,500
133799,7,2015,Feb,24,0.909,190,8.6,0.8,13.5,, ,540, ,498
133800,7,2015,Feb,24,0.904,210,8.6,1.9,14.3,, ,570, ,451
133801,7,2015,Feb,24,0.815,191,8.6,0.1,0.1,, ,640, ,459
133802,7,2015,Feb,24, ,306,8.8,0.9,0.9,, ,900, ,457
133803,7,2015,Feb,24, ,251,8.5,20.8,24.1,, ,530, ,408
133804,7,2015,Feb,24, ,396,8.9,0.2,9,, ,910, ,386
133805,7,2015,Feb,24, ,321,8.8,1,16.5,, ,710, ,404
133806,7,2015,Feb,24,0.894,321,8.8,0.1,18,, ,670, ,344
133807,7,2015,Feb,24, ,245,8.6,11.6,16.2,, ,630, ,450
133808,7,2015,Feb,24, ,218,8.6,3.5,14.5,, ,560, ,472
133810,7,2015,Feb,24, ,339,8.8,0.1,4.9,, ,790, ,468
147530,7,2016,Feb,24,0.919,244,8.3,54.1,29,, ,540, , 
147531,7,2016,Feb,24, ,330,8.6,57.4,29,, ,660, , 
147532,7,2016,Feb,24, ,329,7.9,108,27,, ,420, ,411
147533,7,2016,Feb,24, ,302,7.9,99.4,23.6,, ,560, ,437
147596,7,2016,Feb,24,0.892,255,7.4,51.2,39.9,, ,170, , 
147549,7,2016,Feb,24,0.941,313,7.7,51.1,24.8,, ,500, , 
147545,7,2016,Feb,24,0.936,353,7.6,62.6,28.1,, ,540, , 
147550,7,2016,Feb,24,0.929,266,7.2,75.1,23.5,, ,420, , 
155041,7,2017,Feb,46,0.938,234,7.2,56.4,25.1,, ,470, , 
155017,7,2017,Feb,46,0.937,432,8,33.6,22.8,, ,760, , 
154543,7,2017,Feb,46,0.937,318,7.3,70.4,32.6,, ,490, , 
154997,7,2017,Feb,46,0.939,295,7.9,10.7,12.2,, ,620, , 
154620,7,2017,Feb,46,0.922,242,7.4,50.6,21,, ,420, , 
155025,7,2017,Feb,46,0.936,268,7.3,69.1,19.5,, ,460, , 
155048,7,2017,Feb,46,0.875,412,7.4,120,40,, ,420, , 
154612,7,2017,Feb,46,0.89,410,7.4,106,32,, ,410, , 
167820,7,2018,Jan,59,0.959,330,7.8,160,25,, ,810, , 
167824,7,2018,Jan,59,0.946,400,7.7,180,24,, ,720, , 
167828,7,2018,Jan,59,0.973,370,8,100,80,, ,670, , 
167825,7,2018,Jan,59,0.943,280,7.9,120,8.2,, ,640, , 
167821,7,2018,Jan,59,0.936,220,8.1,5,5,, ,650, , 
167829,7,2018,Jan,59,0.933,240,8.1,94,36,, ,610, , 
167830,7,2018,Jan,59,0.937,250,8.2,110,51,, ,650, , 
167826,7,2018,Jan,59,0.926,170,8.1,50,16,, ,950, , 
167822,7,2018,Jan,59,0.937,320,8.6,54,33,, ,540, , 
167831,7,2018,Jan,59,0.922,250,8.5,47,19,, ,710, , 
167827,7,2018,Jan,59,0.911,180,7.8,20,32,, ,200, , 
167823,7,2018,Jan,59,0.934,220,8.4,36,25,, ,680, , 
167832,7,2018,Jan,59,0.85,140,7.8,6.7,43,, ,260, , 
155045,3a,2017,Feb,59,0.949,385,7.3,43,81,, ,440, , 
154646,3a,2017,Feb,59,0.967,264,7.1,14.7,63.8,, ,250, , 
155002,3a,2017,Feb,59,0.95,165,6.7,32,19.9,, ,190, , 
155003,3a,2017,Feb,59,0.918,298,7.5,35.1,52.9,, ,430, , 
154544,3a,2017,Feb,59,0.927,251,7.3,33.9,34.5,, ,330, , 
155013,3a,2017,Feb,59,0.891,365,7.3,45.8,70.2,, ,590, , 
154616,3a,2017,Feb,59,0.939,229,7,53.6,26.6,, ,440, , 
155005,3a,2017,Feb,59,0.936,328,6.9,76.2,36.8,, ,390, , 
154998,3a,2017,Feb,59,0.931,199,7.2,47.6,13.6,, ,440, , 
155031,3a,2017,Feb,59,0.927,348,7.2,74.7,48.3,, ,510, , 
154545,3a,2017,Feb,59,0.94,224,7.1,46.6,22.4,, ,440, , 
155046,3a,2017,Feb,59,0.918,253,7.1,54,25.7,, ,420, , 
155014,3a,2017,Feb,59,0.924,249,7.2,44.4,32.4,, ,460, , 
167670,3a,2018,Nov,69,0.942,250,7.6,46,52,, ,600, , 
167675,3a,2018,Nov,69,0.936,290,8.3,42,46,, ,560, , 
167676,3a,2018,Nov,69,0.952,320,8.3,29,44,, ,390, , 
167679,3a,2018,Nov,69,0.94,210,8.3,40,50,, ,540, , 
167680,3a,2018,Nov,69,0.947,230,8,44,59,, ,640, , 
167706,3a,2018,Nov,69,0.902,270,8.3,48,44,, ,570, , 
167708,3a,2018,Nov,69,0.941,250,8.2,47,49,, ,570, , 
167713,3a,2018,Nov,69,0.942,200,8.3,44,46,, ,470, , 
167714,3a,2018,Nov,69,0.946,270,8.1,49,50,, ,640, , 
167718,3a,2018,Nov,69,0.941,220,8,50,49,, ,510, , 
167719,3a,2018,Nov,69,0.946,250,8.2,48,52,, ,570, , 
167724,3a,2018,Nov,69,0.957,240,8.1,45,51,, ,620, , 
167667,3a,2018,Nov,69,0.928,310,8.3,62,39,, ,870, , 
167668,3a,2018,Nov,69,0.939,260,8.3,26,32,, ,430, , 
167669,3a,2018,Nov,69,0.938,300,8.2,49,55,, ,1100, , 
167671,3a,2018,Nov,69,0.927,310,8.2,43,54,, ,590, , 
167681,3a,2018,Nov,69,0.943,200,7.8,41,35,, ,560, , 
167682,3a,2018,Nov,69,0.938,270,8.2,53,88,, ,670, , 
167684,3a,2018,Nov,69,0.94,260,8.2,49,59,, ,540, , 
167707,3a,2018,Nov,69,0.939,300,8.2,41,41,, ,470, , 
167712,3a,2018,Nov,69,0.938,300,8.4,54,55,, ,620, , 
167723,3a,2018,Nov,69,0.939,250,7.9,43,51,, ,460, , 
153509,4a,2017,Feb,59,0.962,353,7.1,58,62,, ,450, , 
154628,4a,2017,Feb,59,0.943,260,7.2,27.3,46.2,, ,380, , 
154608,4a,2017,Feb,59,0.931,266,7.4,40,30.6,, ,500, , 
147598,4a,2017,Feb,59,0.915,199,7.2,20.7,23.8,, ,450, , 
155006,4a,2017,Feb,59,0.935,268,7.2,50.8,35.9,, ,310, , 
154604,4a,2017,Feb,59,0.918,258,7.3,42.4,29.2,, ,520, , 
155049,4a,2017,Feb,59,0.879,255,7.4,26.8,38.3,, ,480, , 
155010,4a,2017,Feb,59,0.878,383,7.6,48.4,65.6,, ,560, , 
147614,4a,2017,Feb,59,0.923,212,7.1,23.6,24.3,, ,380, , 
147615,4a,2017,Feb,59,0.922,179,7.1,19.8,22,, ,320, , 
153512,4a,2017,Feb,59,0.939,180,6.9,18.5,26.8,, ,330, , 
147608,4a,2017,Feb,59,0.903,168,6.8,16.6,29.6,, ,310, , 
155015,4a,2017,Feb,59,0.913,264,7.4,33.8,43.7,, ,440, , 
167851,4a,2018,Feb,71,0.948,340,7.8,73,69,, ,490, , 
167856,4a,2018,Feb,71,0.951,210,7.7,5,5,, ,590, , 
167860,4a,2018,Feb,71,0.943,260,7.7,76,13,, ,580, , 
167857,4a,2018,Feb,71,0.931,220,7.9,64,30,, ,440, , 
167852,4a,2018,Feb,71,0.935,230,8,81,32,, ,760, , 
167861,4a,2018,Feb,71,0.933,210,8.4,30,27,, ,590, , 
167858,4a,2018,Feb,71,0.941,150,8.5,9,9.7,, ,580, , 
167853,4a,2018,Feb,71,0.93,240,8.5,23,46,, ,610, , 
167862,4a,2018,Feb,71,0.945,170,8.4,22,22,, ,660, , 
167859,4a,2018,Feb,71,0.929,230,8.2,39,29,, ,650, , 
167854,4a,2018,Feb,71,0.929,240,8.5,37,32,, ,720, , 
167855,4a,2018,Feb,71,0.917,260,8.4,37,37,, ,930, , 
167863,4a,2018,Feb,71,0.922,190,8,18,32,, ,540, , 
155033,5a,2017,Feb,71,0.948,211,6.8,45.1,28.9,, ,180, , 
155036,5a,2017,Feb,71,0.932,161,6.7,35.4,17.5,, ,230, , 
154547,5a,2017,Feb,71,0.942,165,7.1,18.6,21.4,, ,210, , 
154996,5a,2017,Feb,71,0.917,154,7.1,16.9,18.9,, ,250, , 
155044,5a,2017,Feb,71,0.92,164,6.9,18.4,23.8,, ,280, , 
154617,5a,2017,Feb,71,0.906,165,7.1,17.9,25.5,, ,270, , 
155008,5a,2017,Feb,71,0.901,160,7,18,20,, ,180, , 
155016,5a,2017,Feb,71,0.922,173,7.1,14.2,22.6,, ,250, , 
155040,5a,2017,Feb,71,0.935,139,7,9.1,19.9,, ,130, , 
167842,5a,2018,Feb,83,0.948,150,6.8,36,37,, ,370, , 
167846,5a,2018,Feb,83,0.957,270,7.3,39,68,, ,320, , 
167847,5a,2018,Feb,83,0.944,150,7.6,31,24,, ,320, , 
167843,5a,2018,Feb,83,0.944,170,7.3,27,15,, ,280, , 
167848,5a,2018,Feb,83,0.941,130,7.8,40,31,, ,390, , 
167844,5a,2018,Feb,83,0.937,130,7.2,40,19,, ,260, , 
167849,5a,2018,Feb,83,0.939,120,8.1,18,19,, ,280, , 
167850,5a,2018,Feb,83,0.929,120,8.1,15,17,, ,260, , 
167845,5a,2018,Feb,83,0.935,170,8.1,16,19,, ,320, , 
148142,IQP,2016,Feb,60,0.849,188,7.3,11.5,14.8,, ,420, , 
148136,IQP,2016,Feb,60,0.915, , , , ,, , , , 
148141,IQP,2016,Feb,60,0.92,194,6.8,69.1,12.2,, ,290, , 
148147,IQP,2016,Feb,60,0.904, , , , ,, , , , 
148143,IQP,2016,Feb,60,0.938, , , , ,, , , , 
148152,IQP,2016,Feb,60,0.949, , , , ,, , , , 
155228,IQP,2016,Feb,72,0.918,85,6.6,0.2,0.3,, ,320, , 
155225,IQP,2016,Feb,72,0.935,101,7,0.4,0.4,, ,400, , 
155229,IQP,2016,Feb,72,0.914,89,6.5,0.3,0.4,, ,220, , 
155227,IQP,2016,Feb,72,0.898,81,6.5,0.3,0.4,, ,280, , 
167874,IQP,2018,Feb,84,0.903,83,8,5,5,, ,440, , 
167900,IQP,2018,Feb,84,0.89,110,8,23,5,, ,380, , 
167876,IQP,2018,Feb,84,0.914,58,8.1,7.4,5,, ,230, , 
167885,IQP,2018,Feb,84,0.918,77,8.2,5,5,, ,330, , 
101620,TP,2013,Nov,53,0.916742692,34.3,7.34,1,2,1,3,,7.7,252
101629,TP,2013,Nov,53,0.919126777,50.6,7.48,1,3.7,1,7.4,,5.5,242
101648,TP,2013,Nov,53,0.9312219,46,7.44,1,2.4,1,4.3,,14,180
101656,TP,2013,Nov,53,0.933913873,54.3,7.33,1,2.5,1,9.4,,11,267
101675,TP,2013,Nov,53,0.920433747,32,7.67,1,1.4,1,5.1,,6.9,296
101681,TP,2013,Nov,53,0.912122354,41.5,7.32,1,1.8,1,4.1,,7.2,218
101648,TP,2013,Nov,53,,46,7.44,1,2.4,1,4.3,,14,180
101675,TP,2013,Nov,53,,32,7.67,1,1.4,1,5.1,,6.9,296
101656,TP,2013,Nov,53,,54.3,7.33,1,2.5,1,9.4,,11,267
101681,TP,2013,Nov,53,,41.5,7.32,1,1.8,1,4.1,,7.2,218
101629,TP,2013,Nov,53,,50.6,7.48,1,3.7,1,7.4,,5.5,242
101675,TP,2013,Nov,53,,32,7.67,1,1.4,1,5.1,,6.9,296
102238,TP,2013,Jan,,,36.4,7.74,1,6.6,1,1,,5.9,203
105625,TP,2013,Jan,,,78.3,7.51,1,8.1,1,1.9,,5.3,231
102266,TP,2013,Jan,,,195.6,7.36,1,14,1,2,,4.5,219
123382,TP,2014,Dec,,,36.4,7.74,1,4.9,1,5,,9.5,225
123392,TP,2014,Dec,,,,,1,2.2,1,3.7,,5.6,138
123425,TP,2014,Dec,,,,,1,1,1,3.5,,7.4,210
133792,TP,2016,Jan,, ,37,7,0.1,3.4,, ,20, ,280
