"","Barcode","BiopileNumber","Season","Month","Months","DMF","Conductivity","pH","Nutrient","ppm"
"1","89343","1",2011,"Jan",-0.1,0.938,41.1,7.13,"Nitrite",0.075
"2","89347","1",2011,"Jan",-0.1,0.943,77.7,7.52,"Nitrite",0.075
"3","89357","1",2011,"Jan",-0.1,0.943,51.5,7.29,"Nitrite",0.075
"4","89526","1",2011,"Feb",0,0.920305116,24.6,6.6,"Nitrite",0.15
"5","89530","1",2011,"Feb",0,0.909932961,25.2,6.6,"Nitrite",0.15
"6","89538","1",2011,"Feb",0,0.931511957,22.8,6.66,"Nitrite",0.15
"7","89551","1",2011,"Feb",0,0.912711203,17.1,6.64,"Nitrite",0.15
"8","89560","1",2011,"Feb",0,0.907701166,25.7,6.78,"Nitrite",0.15
"9","89526","1",2011,"Feb",0,0.92,24.6,6.6,"Nitrite",0.075
"10","89530","1",2011,"Feb",0,0.91,25.2,6.6,"Nitrite",0.075
"11","89538","1",2011,"Feb",0,0.932,22.8,6.66,"Nitrite",0.075
"12","89551","1",2011,"Feb",0,0.913,17.1,6.64,"Nitrite",0.075
"13","89560","1",2011,"Feb",0,0.908,25.7,6.78,"Nitrite",0.075
"14","89639","1",2011,"Feb",0,0.92186456,25.6,6.65,"Nitrite",0.15
"15","89647","1",2011,"Feb",0,0.92326708,24.9,6.6,"Nitrite",0.15
"16","89660","1",2011,"Feb",0,0.874487155,24.6,6.68,"Nitrite",0.15
"17","89639","1",2011,"Feb",0,0.922,25.6,6.65,"Nitrite",0.075
"18","89647","1",2011,"Feb",0,0.923,24.9,6.6,"Nitrite",0.075
"19","89660","1",2011,"Feb",0,0.874,24.6,6.68,"Nitrite",0.075
"20","89742","1",2011,"Feb",0,0.922512039,34.2,6.51,"Nitrite",0.15
"21","89750","1",2011,"Feb",0,0.93555668,25.6,6.35,"Nitrite",0.15
"22","89742","1",2011,"Feb",0,0.923,34.2,6.51,"Nitrite",0.075
"23","89750","1",2011,"Feb",0,0.936,25.6,6.35,"Nitrite",0.075
"24","99341","1",2012,"Nov",9.180821918,0.906,141.5,8.23,"Nitrite",0.15
"25","99348","1",2012,"Nov",9.180821918,0.966,863,5.84,"Nitrite",0.15
"26","99342","1",2012,"Nov",9.180821918,0.901,297,7.2,"Nitrite",0.15
"27","99347","1",2012,"Nov",9.180821918,0.919,535,9.33,"Nitrite",1.57
"28","99343","1",2012,"Nov",9.180821918,0.903,1162,6.17,"Nitrite",0.15
"29","99346","1",2012,"Nov",9.180821918,0.912,159.4,7.69,"Nitrite",0.15
"30","99344","1",2012,"Nov",9.180821918,0.962,341,6.02,"Nitrite",0.15
"31","99345","1",2012,"Nov",9.180821918,0.892,142.2,8.1,"Nitrite",0.15
"32","99353","1",2012,"Nov",9.279452055,0.906,67.7,7.71,"Nitrite",0.15
"33","99352","1",2012,"Nov",9.279452055,0.923,187.2,8.79,"Nitrite",1.48
"34","99351","1",2012,"Nov",9.279452055,0.948,413,9.28,"Nitrite",1.48
"35","99349","1",2012,"Nov",9.279452055,0.936,296,6.84,"Nitrite",0.15
"36","99350","1",2012,"Nov",9.279452055,0.937,688,5.24,"Nitrite",0.15
"37","99794","1",2012,"Dec",10.49589041,0.782,120.6,7.94,"Nitrite",3.02
"38","99799","1",2012,"Dec",10.49589041,0.879,150.9,8.33,"Nitrite",1.01
"39","99795","1",2012,"Dec",10.49589041,0.914,39.5,6.87,"Nitrite",0.15
"40","99800","1",2012,"Dec",10.49589041,0.916,187.5,8.78,"Nitrite",0.96
"41","99796","1",2012,"Dec",10.49589041,0.914,1329,9.42,"Nitrite",1.81
"42","99801","1",2012,"Dec",10.49589041,0.904,1386,9.5,"Nitrite",1.26
"43","99802","1",2012,"Dec",10.49589041,0.917,1451,9.49,"Nitrite",0.15
"44","99797","1",2012,"Dec",10.49589041,0.977,1034,7.38,"Nitrite",0.67
"45","99798","1",2012,"Dec",10.49589041,0.98,1476,6.31,"Nitrite",0.15
"46","99803","1",2012,"Dec",10.49589041,0.958,2188,7.15,"Nitrite",0.71
"47","101614","1",2013,"Nov",21,0.939284925,460,8.98,"Nitrite",1
"48","101623","1",2013,"Nov",21,0.934305978,616,9.08,"Nitrite",1
"49","101630","1",2013,"Nov",21,0.941568406,593,9.05,"Nitrite",1
"50","101636","1",2013,"Nov",21,0.970801886,487,8.89,"Nitrite",1
"51","101642","1",2013,"Nov",21,0.931319893,294,8.91,"Nitrite",1
"52","101649","1",2013,"Nov",21,0.920661688,375,8.92,"Nitrite",1
"53","101650","1",2013,"Nov",21,0.922128998,313,8.84,"Nitrite",1
"54","101657","1",2013,"Nov",21,0.920684681,19.73,8.3,"Nitrite",1
"55","101664","1",2013,"Nov",21,0.943013766,318,8.71,"Nitrite",1
"56","101670","1",2013,"Nov",21,0.927010243,261,8.64,"Nitrite",1
"57","101676","1",2013,"Nov",21,0.933300268,431,8.77,"Nitrite",1
"58","101682","1",2013,"Nov",21,0.933291016,401,8.9,"Nitrite",1
"59","101687","1",2013,"Nov",21,0.964694561,306,8.69,"Nitrite",1
"60","101614","1",2013,"Nov",21,NA,460,8.98,"Nitrite",0.5
"61","101623","1",2013,"Nov",21,NA,616,9.08,"Nitrite",0.5
"62","101630","1",2013,"Nov",21,NA,593,9.05,"Nitrite",0.5
"63","101636","1",2013,"Nov",21,NA,487,8.89,"Nitrite",0.5
"64","101642","1",2013,"Nov",21,NA,294,8.91,"Nitrite",0.5
"65","101649","1",2013,"Nov",21,NA,375,8.92,"Nitrite",0.5
"66","101650","1",2013,"Nov",21,NA,313,8.84,"Nitrite",0.5
"67","101657","1",2013,"Nov",21,NA,19.73,8.3,"Nitrite",0.5
"68","101670","1",2013,"Nov",21,NA,261,8.64,"Nitrite",0.5
"69","101676","1",2013,"Nov",21,NA,431,8.77,"Nitrite",0.5
"70","101682","1",2013,"Nov",21,NA,401,8.9,"Nitrite",0.5
"71","101687","1",2013,"Nov",21,NA,306,8.69,"Nitrite",0.5
"72","101664","1",2013,"Nov",21,NA,318,8.71,"Nitrite",0.5
"73","102230","1",2013,"Jan",23.7,0.9631755,303,8.9,"Nitrite",0.5
"74","102239","1",2013,"Jan",23.7,0.9359238,523,9.03,"Nitrite",0.5
"75","102246","1",2013,"Jan",23.7,0.9420104,487,8.96,"Nitrite",0.5
"76","102253","1",2013,"Jan",23.7,0.9202331,547,9.02,"Nitrite",0.5
"77","102260","1",2013,"Jan",23.7,NA,331,8.74,"Nitrite",2.7
"78","102267","1",2013,"Jan",23.7,0.9532769,285,8.8,"Nitrite",3.8
"79","102268","1",2013,"Jan",23.7,0.9182986,234.4,8.66,"Nitrite",0.5
"80","105627","1",2013,"Jan",23.7,0.9261944,261.8,8.62,"Nitrite",0.5
"81","105634","1",2013,"Jan",23.7,0.9214079,383,9.03,"Nitrite",0.5
"82","105642","1",2013,"Jan",23.7,0.953925,286,8.66,"Nitrite",0.5
"83","116185","1",2013,"Jan",23.7,0.9478298,257.3,8.73,"Nitrite",0.5
"84","116167","1",2013,"Jan",23.7,0.9402652,289,8.86,"Nitrite",0.5
"85","116173","1",2013,"Jan",23.7,0.9271563,242.5,8.8,"Nitrite",0.5
"86","116179","1",2013,"Jan",23.7,0.9076635,257,8.72,"Nitrite",0.5
"87","123358","1",2014,"Dec",34.2,NA,316,8.94,"Nitrite",0.5
"88","123341","1",2014,"Dec",34.2,NA,308,8.91,"Nitrite",0.5
"89","123348","1",2014,"Dec",34.2,NA,374,8.89,"Nitrite",0.5
"90","123254","1",2014,"Dec",34.2,NA,442,8.85,"Nitrite",0.5
"91","123357","1",2014,"Dec",34.2,NA,360,8.92,"Nitrite",0.5
"92","123366","1",2014,"Dec",34.2,NA,379,9.09,"Nitrite",0.5
"93","123375","1",2014,"Dec",34.2,NA,249.3,8.49,"Nitrite",3.9
"94","123385","1",2014,"Dec",34.2,NA,270,8.85,"Nitrite",0.5
"95","123386","1",2014,"Dec",34.2,NA,327,8.81,"Nitrite",0.5
"96","123394","1",2014,"Dec",34.2,NA,275,9,"Nitrite",0.5
"97","123411","1",2014,"Dec",34.2,NA,258.6,8.62,"Nitrite",7.5
"98","123419","1",2014,"Dec",34.2,NA,337,8.86,"Nitrite",0.5
"99","123428","1",2014,"Dec",34.2,NA,363,8.85,"Nitrite",0.5
"100","123434","1",2014,"Dec",34.2,NA,282,8.91,"Nitrite",0.5
"101","123441","1",2014,"Dec",34.2,NA,251.2,8.69,"Nitrite",0.5
"102","123732","1",2014,"Jan",35.6,NA,296.6,8.57,"Nitrite",40
"103","123733","1",2014,"Jan",35.6,NA,296.6,8.79,"Nitrite",22
"104","123741","1",2014,"Jan",35.6,NA,223.8,8.64,"Nitrite",38
"105","123750","1",2014,"Jan",35.6,NA,310,9.14,"Nitrite",20
"106","123765","1",2014,"Jan",35.6,NA,294,8.96,"Nitrite",18
"107","123774","1",2014,"Jan",35.6,NA,285.9,8.97,"Nitrite",17
"108","123775","1",2014,"Jan",35.6,NA,268.2,8.83,"Nitrite",19
"109","123784","1",2014,"Jan",35.6,NA,289.2,8.9,"Nitrite",19
"110","123792","1",2014,"Jan",35.6,NA,191.6,8.58,"Nitrite",7.7
"111","123800","1",2014,"Jan",35.6,NA,383,9.01,"Nitrite",1
"112","123808","1",2014,"Jan",35.6,NA,352,9.18,"Nitrite",0.5
"113","123816","1",2014,"Jan",35.6,NA,343,9.08,"Nitrite",0.5
"114","123824","1",2014,"Jan",35.6,NA,238.9,9.01,"Nitrite",0.5
"115","123758","1",2014,"Jan",35.6,NA,254.5,8.83,"Nitrite",31
"116","133485","1",2015,"Nov",45.45479452,NA,292,8.17,"Nitrite",46
"117","133728","1",2015,"Feb",47.93424658,NA,266,8.2,"Nitrite",48.8
"118","133730","1",2015,"Feb",47.93424658,NA,397,8.8,"Nitrite",8.6
"119","133735","1",2015,"Feb",47.93424658,NA,184,8.6,"Nitrite",7.1
"120","89444","2",2011,"Feb",0,0.912,28.9,6.72,"Nitrite",0.075
"121","89448","2",2011,"Feb",0,0.903,32.4,6.79,"Nitrite",0.075
"122","89456","2",2011,"Feb",0,0.922,34,6.8,"Nitrite",0.075
"123","89581","2",2011,"Feb",0,0.882404856,22.7,6.48,"Nitrite",0.15
"124","89590","2",2011,"Feb",0,0.90063298,24.6,6.4,"Nitrite",0.15
"125","89601","2",2011,"Feb",0,0.920020318,25.7,6.29,"Nitrite",0.15
"126","89611","2",2011,"Feb",0,0.930228892,26.2,6.55,"Nitrite",0.15
"127","89615","2",2011,"Feb",0,0.945670572,22.7,6.47,"Nitrite",0.15
"128","89581","2",2011,"Feb",0,0.882,22.7,6.48,"Nitrite",0.075
"129","89590","2",2011,"Feb",0,0.901,24.6,6.4,"Nitrite",0.075
"130","89601","2",2011,"Feb",0,0.92,25.7,6.29,"Nitrite",0.075
"131","89611","2",2011,"Feb",0,0.93,26.2,6.55,"Nitrite",0.075
"132","89615","2",2011,"Feb",0,0.946,22.7,6.47,"Nitrite",0.075
"133","89723","2",2011,"Feb",0,0.915745476,26.7,6.71,"Nitrite",0.15
"134","89723","2",2011,"Feb",0,0.916,26.7,6.71,"Nitrite",0.075
"135","89752","2",2011,"Feb",0,0.899622805,38.4,6.55,"Nitrite",0.15
"136","89756","2",2011,"Feb",0,0.905016879,33.6,6.6,"Nitrite",0.15
"137","89761","2",2011,"Feb",0,0.898935192,32.4,6.65,"Nitrite",0.15
"138","89752","2",2011,"Feb",0,0.9,38.4,6.55,"Nitrite",0.075
"139","89756","2",2011,"Feb",0,0.905,33.6,6.6,"Nitrite",0.075
"140","89761","2",2011,"Feb",0,0.899,32.4,6.65,"Nitrite",0.075
"141","99357","2",2012,"Nov",9.123287671,0.909,45.9,6.97,"Nitrite",0.9
"142","99358","2",2012,"Nov",9.123287671,0.91,36.7,6.7,"Nitrite",0.85
"143","99362","2",2012,"Nov",9.123287671,0.907,148.2,7.56,"Nitrite",1.43
"144","99366","2",2012,"Nov",9.123287671,0.926,59.2,7.03,"Nitrite",0.95
"145","99367","2",2012,"Nov",9.123287671,0.917,82,7,"Nitrite",0.89
"146","99356","2",2012,"Nov",9.123287671,0.919,1646,9.39,"Nitrite",0.15
"147","99361","2",2012,"Nov",9.123287671,0.912,376,8.53,"Nitrite",0.15
"148","99365","2",2012,"Nov",9.123287671,0.915,203,7.83,"Nitrite",1.12
"149","99355","2",2012,"Nov",9.123287671,0.902,24.9,6.39,"Nitrite",0.15
"150","99360","2",2012,"Nov",9.123287671,0.87,2.19,9.28,"Nitrite",0.15
"151","99364","2",2012,"Nov",9.123287671,0.892,22.9,6.7,"Nitrite",0.15
"152","99354","2",2012,"Nov",9.123287671,0.945,26.5,6.43,"Nitrite",0.15
"153","99359","2",2012,"Nov",9.123287671,0.967,49.2,6.77,"Nitrite",0.15
"154","99363","2",2012,"Nov",9.123287671,0.923,24.2,6.84,"Nitrite",0.15
"155","99804","2",2012,"Dec",10.30684932,0.898,25.2,6.59,"Nitrite",0.15
"156","99809","2",2012,"Dec",10.30684932,0.885,170.6,8.36,"Nitrite",0.15
"157","99805","2",2012,"Dec",10.30684932,0.895,48.2,6.53,"Nitrite",0.15
"158","99810","2",2012,"Dec",10.30684932,0.918,1390,9.23,"Nitrite",0.15
"159","99806","2",2012,"Dec",10.30684932,0.909,17.9,6.35,"Nitrite",0.15
"160","99811","2",2012,"Dec",10.30684932,0.901,524,8.86,"Nitrite",2.73
"161","99812","2",2012,"Dec",10.30684932,0.907,863,9.14,"Nitrite",1.51
"162","99531","2",2012,"Dec",10.30684932,0.991,40.3,6.56,"Nitrite",0.15
"163","99807","2",2012,"Dec",10.30684932,0.928,36.1,6.39,"Nitrite",0.15
"164","99808","2",2012,"Dec",10.30684932,0.941,31.5,6.35,"Nitrite",0.15
"165","101615","2",2013,"Nov",21,0.895485118,286,8.69,"Nitrite",1
"166","101621","2",2013,"Nov",21,0.90853816,280,8.68,"Nitrite",1
"167","101624","2",2013,"Nov",21,0.925362985,555,9.04,"Nitrite",1
"168","101631","2",2013,"Nov",21,0.904242473,196.3,8.5,"Nitrite",1
"169","101637","2",2013,"Nov",21,0.988202527,524,8.46,"Nitrite",1
"170","101643","2",2013,"Nov",21,0.919288974,166.5,8.38,"Nitrite",1
"171","101651","2",2013,"Nov",21,0.925762528,570,8.99,"Nitrite",1
"172","101658","2",2013,"Nov",21,0.920193257,365,9,"Nitrite",1
"173","101665","2",2013,"Nov",21,0.935683315,414,8.88,"Nitrite",1
"174","101671","2",2013,"Nov",21,0.919159566,179.6,8.23,"Nitrite",1
"175","101677","2",2013,"Nov",21,0.927517101,140.5,7.77,"Nitrite",1
"176","101683","2",2013,"Nov",21,0.908796494,118.1,7.88,"Nitrite",1
"177","101688","2",2013,"Nov",21,0.973906094,192.2,7.91,"Nitrite",1
"178","102231","2",2013,"Jan",23,0.9788169,281,8.74,"Nitrite",0.5
"179","102240","2",2013,"Jan",23,0.9156748,295,9.01,"Nitrite",0.5
"180","102247","2",2013,"Jan",23,0.8931907,305,8.98,"Nitrite",0.5
"181","102254","2",2013,"Jan",23,0.9003783,262.1,8.81,"Nitrite",0.5
"182","102259","2",2013,"Jan",23,NA,214.8,8.75,"Nitrite",0.5
"183","102261","2",2013,"Jan",23,0.9692207,215.6,8.55,"Nitrite",20
"184","102269","2",2013,"Jan",23,0.9071663,144.3,8.59,"Nitrite",0.5
"185","105628","2",2013,"Jan",23,0.9416742,211.4,8.76,"Nitrite",0.5
"186","105635","2",2013,"Jan",23,0.9136373,221.9,8.95,"Nitrite",0.5
"187","105643","2",2013,"Jan",23,0.9113369,171.1,8.5,"Nitrite",0.5
"188","116168","2",2013,"Jan",23,0.9565446,222.8,8.26,"Nitrite",18
"189","116174","2",2013,"Jan",23,0.9263204,142.4,8.23,"Nitrite",0.5
"190","116180","2",2013,"Jan",23,0.909402,99.6,7.5,"Nitrite",0.5
"191","116184","2",2013,"Jan",23,0.9068042,91.7,7.6,"Nitrite",0.5
"192","123342","2",2014,"Dec",34.1,NA,267.7,8.59,"Nitrite",9.6
"193","123349","2",2014,"Dec",34.1,NA,199.6,8.64,"Nitrite",3.2
"194","123359","2",2014,"Dec",34.1,NA,238.8,8.62,"Nitrite",13
"195","123367","2",2014,"Dec",34.1,NA,213.8,8.66,"Nitrite",10
"196","123368","2",2014,"Dec",34.1,NA,245,8.68,"Nitrite",11
"197","123376","2",2014,"Dec",34.1,NA,203.3,8.23,"Nitrite",22
"198","123387","2",2014,"Dec",34.1,NA,191.3,8.64,"Nitrite",18
"199","123395","2",2014,"Dec",34.1,NA,280,8.5,"Nitrite",37
"200","123412","2",2014,"Dec",34.1,NA,168.1,8.85,"Nitrite",1.1
"201","123420","2",2014,"Dec",34.1,NA,177.2,8.57,"Nitrite",5.2
"202","123429","2",2014,"Dec",34.1,NA,194.4,8.45,"Nitrite",19
"203","123435","2",2014,"Dec",34.1,NA,156.9,8.13,"Nitrite",3
"204","123442","2",2014,"Dec",34.1,NA,144,8.15,"Nitrite",0.5
"205","123443","2",2014,"Dec",34.1,NA,157.7,8.16,"Nitrite",0.5
"206","133487","2",2015,"Nov",33,NA,261.8,8.03,"Nitrite",49
"207","133496","2",2015,"Nov",33,NA,271.6,7.35,"Nitrite",59
"208","133505","2",2015,"Nov",33,NA,269,7.65,"Nitrite",60
"209","133506","2",2015,"Nov",33,NA,271.2,7.63,"Nitrite",58
"210","133513","2",2015,"Nov",33,NA,274.4,7.84,"Nitrite",61
"211","133522","2",2015,"Nov",33,NA,256.4,7.83,"Nitrite",46
"212","133531","2",2015,"Nov",33,NA,276,7.86,"Nitrite",52
"213","133541","2",2015,"Nov",33,NA,273,7.71,"Nitrite",56
"214","133548","2",2015,"Nov",33,NA,252,7.63,"Nitrite",51
"215","133557","2",2015,"Nov",33,NA,219.6,8.09,"Nitrite",41
"216","133564","2",2015,"Nov",33,NA,275.9,7.88,"Nitrite",63
"217","133571","2",2015,"Nov",33,NA,302,7.81,"Nitrite",64
"218","133572","2",2015,"Nov",33,NA,328,7.89,"Nitrite",70
"219","133578","2",2015,"Nov",33,NA,273,7.85,"Nitrite",57
"220","89782","3",2011,"Feb",0.1,0.914550985,36.3,6.82,"Nitrite",0.045731707
"221","89788","3",2011,"Feb",0.1,0.923576912,55.8,7.15,"Nitrite",2.56
"222","89790","3",2011,"Feb",0.1,0.906865234,39.6,7.05,"Nitrite",0.045731707
"223","89794","3",2011,"Feb",0.1,0.920872326,44.3,6.97,"Nitrite",0.778964798
"224","89970","3",2011,"Feb",0.1,0.91797311,30.5,6.52,"Nitrite",0.045731707
"225","89974","3",2011,"Feb",0.1,0.94477658,25.7,6.66,"Nitrite",0.045731707
"226","89980","3",2011,"Feb",0.1,0.94628933,24.4,6.65,"Nitrite",0.045731707
"227","89905","3",2011,"Feb",0.1,0.898138582,29.9,6.52,"Nitrite",0.045731707
"228","89913","3",2011,"Feb",0.1,0.908256344,29.2,6.42,"Nitrite",0.045731707
"229","89920","3",2011,"Feb",0.1,0.904938169,31.8,6.48,"Nitrite",0.741950585
"230","89811","3",2011,"Feb",0.1,0.904606956,38.7,6.89,"Nitrite",0.763714422
"231","89816","3",2011,"Feb",0.1,0.893972295,34,6.83,"Nitrite",0.045731707
"232","89820","3",2011,"Feb",0.1,0.893943678,35.8,6.37,"Nitrite",0.045731707
"233","89827","3",2011,"Feb",0.1,0.910654662,37.9,6.68,"Nitrite",0.045731707
"234","89829","3",2011,"Feb",0.1,0.908510212,37.7,6.65,"Nitrite",0.045731707
"235","99148","3",2012,"Nov",8.526027397,0.946,466,6.52,"Nitrite",0.045731707
"236","99164","3",2012,"Nov",8.526027397,0.936,878,5.34,"Nitrite",0.045731707
"237","99196","3",2012,"Nov",8.526027397,0.899,460,5.61,"Nitrite",0.045731707
"238","99152","3",2012,"Nov",8.526027397,0.891,29.14,6.62,"Nitrite",0.420731707
"239","99168","3",2012,"Nov",8.526027397,0.898,42.4,6.71,"Nitrite",0.408536585
"240","99191","3",2012,"Nov",8.526027397,0.891,24.78,6.75,"Nitrite",0.405487805
"241","99156","3",2012,"Nov",8.526027397,0.932,97.1,7.55,"Nitrite",0.423780488
"242","99172","3",2012,"Nov",8.526027397,0.917,214.5,7.39,"Nitrite",0.045731707
"243","99160","3",2012,"Nov",8.526027397,0.904,30.8,6.84,"Nitrite",0.399390244
"244","99177","3",2012,"Nov",8.526027397,0.885,87.8,6.49,"Nitrite",0.414634146
"245","99181","3",2012,"Nov",8.526027397,0.902,177.6,6.23,"Nitrite",0.417682927
"246","99814","3",2012,"Dec",9.97260274,0.915,215.3,8.39,"Nitrite",0.408536585
"247","99819","3",2012,"Dec",9.97260274,0.884,363,6.67,"Nitrite",0.045731707
"248","99823","3",2012,"Dec",9.97260274,0.932,146.4,6.61,"Nitrite",0.045731707
"249","99815","3",2012,"Dec",9.97260274,0.885,35.8,6.65,"Nitrite",0.045731707
"250","99820","3",2012,"Dec",9.97260274,0.895,380,8.74,"Nitrite",0.432926829
"251","99816","3",2012,"Dec",9.97260274,0.941,32.7,6.97,"Nitrite",0.045731707
"252","99821","3",2012,"Dec",9.97260274,0.891,50.5,7.08,"Nitrite",0.045731707
"253","99817","3",2012,"Dec",9.97260274,0.962,1380,8.55,"Nitrite",0.423780488
"254","100149","3",2012,"Feb",11.66886606,0.908,347,8.1,"Nitrite",0.62804878
"255","100146","3",2012,"Feb",11.66886606,0.9,335,8.06,"Nitrite",0.457317073
"256","101644","3",2013,"Nov",20.46027397,0.9092,517,8.88,"Nitrite",1
"257","101616","3",2013,"Nov",20.46027397,0.904857046,540,9.04,"Nitrite",1
"258","101625","3",2013,"Nov",20.46027397,0.927847442,534,9.06,"Nitrite",1
"259","101632","3",2013,"Nov",20.46027397,0.935583741,570,9.09,"Nitrite",1
"260","101638","3",2013,"Nov",20.46027397,0.973074151,480,8.51,"Nitrite",1
"261","101678","3",2013,"Nov",20.46027397,0.916685123,389,8.58,"Nitrite",1
"262","101684","3",2013,"Nov",20.46027397,0.913201049,233.6,8.3,"Nitrite",1
"263","101652","3",2013,"Nov",20.46027397,0.9258,622,8.98,"Nitrite",1
"264","101659","3",2013,"Nov",20.46027397,0.9159,687,8.99,"Nitrite",1
"265","101666","3",2013,"Nov",20.46027397,0.9711,447,8.77,"Nitrite",1
"266","101672","3",2013,"Nov",20.46027397,0.9081,577,8.91,"Nitrite",1
"267","101689","3",2013,"Nov",20.46027397,0.954,215.4,8.07,"Nitrite",1
"268","102248","3",2013,"Jan",23.25479452,NA,418,8.95,"Nitrite",1
"269","102255","3",2013,"Jan",23.25479452,NA,411,8.79,"Nitrite",1
"270","105636","3",2013,"Jan",23.25479452,NA,645,9.09,"Nitrite",1.2
"271","102241","3",2013,"Jan",23.25479452,NA,369,8.86,"Nitrite",1
"272","102262","3",2013,"Jan",23.25479452,NA,457,8.89,"Nitrite",1
"273","102270","3",2013,"Jan",23.25479452,NA,401,8.93,"Nitrite",1
"274","116164","3",2013,"Jan",23.25479452,NA,261,8.53,"Nitrite",9.6
"275","116169","3",2013,"Jan",23.25479452,NA,179,8.59,"Nitrite",1
"276","116175","3",2013,"Jan",23.25479452,NA,260,8.74,"Nitrite",1
"277","116181","3",2013,"Jan",23.25479452,NA,154.8,8.18,"Nitrite",1
"278","105629","3",2013,"Jan",23.26979072,NA,220.4,8.3,"Nitrite",1
"279","123343","3",2014,"Dec",33.77534247,0.965551457,403,8.64,"Nitrite",2.8
"280","123350","3",2014,"Dec",33.77534247,0.924717977,313,8.9,"Nitrite",1
"281","123360","3",2014,"Dec",33.77534247,0.917912934,385,8.78,"Nitrite",1
"282","123369","3",2014,"Dec",33.77534247,0.910031408,419,8.91,"Nitrite",1
"283","123377","3",2014,"Dec",33.77534247,0.937922681,359,9.13,"Nitrite",1
"284","123388","3",2014,"Dec",33.77534247,0.926319663,302,8.99,"Nitrite",1
"285","123396","3",2014,"Dec",33.77534247,0.92461335,368,8.94,"Nitrite",1
"286","123413","3",2014,"Dec",33.77534247,0.95,312,8.9,"Nitrite",1
"287","123421","3",2014,"Dec",33.77534247,NA,287,8.72,"Nitrite",9.5
"288","123430","3",2014,"Dec",33.77534247,NA,315,8.79,"Nitrite",4.4
"289","133488","3",2015,"Nov",44.96815068,NA,378,8.32,"Nitrite",57
"290","133497","3",2015,"Nov",44.96815068,NA,317,8.3,"Nitrite",77
"291","133507","3",2015,"Nov",44.96815068,NA,350,8.07,"Nitrite",81
"292","133514","3",2015,"Nov",44.96815068,NA,358,8.3,"Nitrite",71
"293","133523","3",2015,"Nov",44.96815068,NA,409,8.18,"Nitrite",87
"294","133532","3",2015,"Nov",44.96815068,NA,415,8.29,"Nitrite",80
"295","133542","3",2015,"Nov",44.96815068,NA,442,8.34,"Nitrite",84
"296","133549","3",2015,"Nov",44.96815068,NA,431,8.32,"Nitrite",84
"297","133558","3",2015,"Nov",44.96815068,NA,401,8.29,"Nitrite",71
"298","133566","3",2015,"Nov",44.96815068,NA,428,8.32,"Nitrite",89
"299","133573","3",2015,"Nov",44.96815068,NA,411,8.34,"Nitrite",83
"300","133579","3",2015,"Nov",44.96815068,NA,395,8.39,"Nitrite",74
"301","133565","3",2015,"Nov",45.20152778,NA,404,8.3,"Nitrite",84
"302","89800","4",2011,"Feb",0.1,0.927174963,37.7,6.87,"Nitrite",0.764792878
"303","89805","4",2011,"Feb",0.1,0.931699696,37.7,6.81,"Nitrite",0.74830287
"304","89879","4",2011,"Feb",0.1,0.908142327,36.6,6.65,"Nitrite",0.768689161
"305","89888","4",2011,"Feb",0.1,0.902212729,30.4,6.64,"Nitrite",0.045731707
"306","89900","4",2011,"Feb",0.1,0.909212116,34.8,6.64,"Nitrite",0.755041293
"307","89834","4",2011,"Feb",0.1,0.903889339,36.4,6.71,"Nitrite",0.761828708
"308","89838","4",2011,"Feb",0.1,0.903563084,33.7,6.69,"Nitrite",0.742032568
"309","89842","4",2011,"Feb",0.1,0.902754724,31.3,6.79,"Nitrite",0.747682688
"310","89848","4",2011,"Feb",0.1,0.911972387,28,6.43,"Nitrite",0.045731707
"311","89852","4",2011,"Feb",0.1,0.90922664,35.6,6.68,"Nitrite",0.752616765
"312","89984","4",2011,"Mar",0.1,0.941182859,36.4,6.78,"Nitrite",0.724682299
"313","89987","4",2011,"Mar",0.1,0.919649543,27.3,6.48,"Nitrite",0.045731707
"314","89992","4",2011,"Mar",0.1,0.94468184,36.4,7.02,"Nitrite",0.045731707
"315","99132","4",2012,"Nov",8.526027397,0.931,23.49,6.33,"Nitrite",0.045731707
"316","99136","4",2012,"Nov",8.526027397,0.886,171.1,7.02,"Nitrite",0.432926829
"317","99140","4",2012,"Nov",8.526027397,0.922,172.6,6.48,"Nitrite",0.045731707
"318","99144","4",2012,"Nov",8.526027397,0.939,115.7,7.31,"Nitrite",0.045731707
"319","100254","4",2012,"Nov",8.54849277,0.954,271,8.24,"Nitrite",0.31402439
"320","100253","4",2012,"Nov",8.54849277,0.905,54.2,7.01,"Nitrite",0.045731707
"321","100252","4",2012,"Nov",8.54849277,0.926,25,7.29,"Nitrite",0.045731707
"322","99827","4",2012,"Dec",9.97260274,0.978,821,9.13,"Nitrite",0.432926829
"323","99833","4",2012,"Dec",9.97260274,0.951,1923,8.19,"Nitrite",0.588414634
"324","99826","4",2012,"Dec",9.97260274,0.927,814,9.32,"Nitrite",0.045731707
"325","99829","4",2012,"Dec",9.97260274,0.906,253.1,8.41,"Nitrite",0.445121951
"326","99831","4",2012,"Dec",9.97260274,0.907,926,9.26,"Nitrite",0.045731707
"327","99825","4",2012,"Dec",9.97260274,0.902,878,7.24,"Nitrite",0.426829268
"328","99830","4",2012,"Dec",9.97260274,0.898,582,9.1,"Nitrite",0.515243902
"329","99824","4",2012,"Dec",9.97260274,0.91,60,7.14,"Nitrite",0.414634146
"330","100152","4",2012,"Feb",11.66886606,0.922,486,8.71,"Nitrite",0.734756098
"331","100155","4",2012,"Feb",11.66886606,0.921,622,8.93,"Nitrite",0.597560976
"332","101639","4",2013,"Nov",20.62465753,0.9613,418,8.75,"Nitrite",1
"333","101645","4",2013,"Nov",20.62465753,0.9316,395,8.95,"Nitrite",1
"334","101653","4",2013,"Nov",20.62465753,0.919738778,465,8.95,"Nitrite",1
"335","101660","4",2013,"Nov",20.62465753,0.918864219,557,9.01,"Nitrite",1
"336","101673","4",2013,"Nov",20.62465753,0.927077251,449,8.81,"Nitrite",1
"337","101679","4",2013,"Nov",20.62465753,0.945469529,366,8.7,"Nitrite",1
"338","101685","4",2013,"Nov",20.62465753,0.93068316,286,8.53,"Nitrite",1
"339","101690","4",2013,"Nov",20.62465753,0.971981548,446,8.92,"Nitrite",1
"340","101617","4",2013,"Nov",20.62465753,0.9196,464,8.94,"Nitrite",1
"341","101626","4",2013,"Nov",20.62465753,0.9358,468,9.11,"Nitrite",1
"342","101633","4",2013,"Nov",20.62465753,0.9456,566,8.93,"Nitrite",1
"343","101667","4",2013,"Nov",20.64103158,0.94140455,553,8.92,"Nitrite",1
"344","102242","4",2013,"Jan",23.25479452,NA,407,8.97,"Nitrite",1
"345","102249","4",2013,"Jan",23.25479452,NA,495,8.96,"Nitrite",1
"346","102256","4",2013,"Jan",23.25479452,NA,409,8.86,"Nitrite",1
"347","102263","4",2013,"Jan",23.25479452,NA,491,9.11,"Nitrite",1
"348","105630","4",2013,"Jan",23.25479452,NA,547,9.04,"Nitrite",1
"349","116165","4",2013,"Jan",23.25479452,NA,499,8.82,"Nitrite",1
"350","102313","4",2013,"Jan",23.25479452,NA,377,8.84,"Nitrite",1
"351","105637","4",2013,"Jan",23.25479452,NA,422,8.93,"Nitrite",1
"352","116170","4",2013,"Jan",23.25479452,NA,335,8.94,"Nitrite",1
"353","116176","4",2013,"Jan",23.25479452,NA,385,8.91,"Nitrite",1
"354","116182","4",2013,"Jan",23.25479452,NA,455,9.02,"Nitrite",1
"355","123344","4",2014,"Dec",33.77534247,0.944316567,370,8.84,"Nitrite",1
"356","123351","4",2014,"Dec",33.77534247,0.929212533,417,8.91,"Nitrite",1
"357","123361","4",2014,"Dec",33.77534247,0.917627987,393,8.92,"Nitrite",1
"358","123370","4",2014,"Dec",33.77534247,0.925865548,396,8.9,"Nitrite",1
"359","123378","4",2014,"Dec",33.77534247,0.90552273,213.6,9.12,"Nitrite",1
"360","123379","4",2014,"Dec",33.77534247,0.9016,247.2,9.18,"Nitrite",2.3
"361","123389","4",2014,"Dec",33.77534247,0.913765663,306,9.07,"Nitrite",1.5
"362","123397","4",2014,"Dec",33.77534247,0.932710355,777,9.15,"Nitrite",1
"363","123415","4",2014,"Dec",33.77534247,0.948,614,9.06,"Nitrite",1
"364","123422","4",2014,"Dec",33.77534247,NA,287,8.87,"Nitrite",2.2
"365","123431","4",2014,"Dec",33.77534247,NA,318,8.8,"Nitrite",1
"366","133489","4",2015,"Nov",44.96986301,NA,388,8.64,"Nitrite",45
"367","133498","4",2015,"Nov",44.96986301,NA,409,8.65,"Nitrite",49
"368","133508","4",2015,"Nov",44.96986301,NA,390,8.7,"Nitrite",46
"369","133524","4",2015,"Nov",44.96986301,NA,381,8.74,"Nitrite",25
"370","133515","4",2015,"Nov",44.96986301,NA,439,8.7,"Nitrite",38
"371","89999","5",2011,"Mar",0.1,0.866174764,53.1,6.89,"Nitrite",0.045731707
"372","90002","5",2011,"Mar",0.1,0.853634089,48.8,6.96,"Nitrite",0.045731707
"373","90006","5",2011,"Mar",0.1,0.840625026,49.2,6.92,"Nitrite",0.045731707
"374","90032","5",2011,"Mar",0.1,0.904755986,40.9,6.38,"Nitrite",0.791595567
"375","90036","5",2011,"Mar",0.1,0.909279558,58.8,7.21,"Nitrite",0.822882317
"376","90038","5",2011,"Mar",0.1,0.909349334,69.1,7.1,"Nitrite",0.789050384
"377","90022","5",2011,"Mar",0.1,0.904722259,57.4,6.97,"Nitrite",0.763117566
"378","90027","5",2011,"Mar",0.1,0.909623828,35.5,6.66,"Nitrite",0.045731707
"379","90031","5",2011,"Mar",0.1,0.892686341,29.6,6.42,"Nitrite",0.045731707
"380","90009","5",2011,"Mar",0.1,0.899129209,31.5,6.41,"Nitrite",0.045731707
"381","90013","5",2011,"Mar",0.1,0.911306449,32.4,6.58,"Nitrite",0.045731707
"382","90018","5",2011,"Mar",0.1,0.914620801,33.1,6.62,"Nitrite",0.744884669
"383","99368","5",2012,"Nov",8.317808219,0.907,271.8,6.86,"Nitrite",0.045731707
"384","99373","5",2012,"Nov",8.317808219,0.904,292,6.79,"Nitrite",0.222560976
"385","99370","5",2012,"Nov",8.317808219,0.93,186.8,7.51,"Nitrite",0.045731707
"386","99375","5",2012,"Nov",8.317808219,0.887,174.3,7.41,"Nitrite",0.243902439
"387","99371","5",2012,"Nov",8.317808219,0.906,27.33,6.25,"Nitrite",0.231707317
"388","99376","5",2012,"Nov",8.317808219,0.918,25.54,6.57,"Nitrite",0.045731707
"389","99372","5",2012,"Nov",8.317808219,0.92,177.8,6.46,"Nitrite",0.228658537
"390","99377","5",2012,"Nov",8.317808219,0.91,65,7.48,"Nitrite",0.231707317
"391","99837","5",2012,"Dec",9.468493151,0.951,522,7.6,"Nitrite",0.225609756
"392","99842","5",2012,"Dec",9.468493151,0.927,360,8.93,"Nitrite",0.271341463
"393","99836","5",2012,"Dec",9.468493151,0.912,726,9.16,"Nitrite",0.490853659
"394","99840","5",2012,"Dec",9.468493151,0.91,31.7,6.69,"Nitrite",0.045731707
"395","99835","5",2012,"Dec",9.468493151,0.903,56.4,7.24,"Nitrite",0.045731707
"396","99839","5",2012,"Dec",9.468493151,0.904,190.4,8.56,"Nitrite",0.045731707
"397","99834","5",2012,"Dec",9.468493151,0.925,34.9,6.85,"Nitrite",0.045731707
"398","100159","5",2012,"Feb",12,NA,479,8.8,"Nitrite",0.6
"399","101646","5",2013,"Nov",19.95616438,0.936464945,512,8.97,"Nitrite",1
"400","101654","5",2013,"Nov",19.95616438,0.931394277,506,9.06,"Nitrite",1
"401","101661","5",2013,"Nov",19.95616438,0.937782947,540,9.05,"Nitrite",1
"402","101668","5",2013,"Nov",19.95616438,0.961558689,511,8.92,"Nitrite",1
"403","101640","5",2013,"Nov",19.95616438,0.958089353,456,8.8,"Nitrite",1
"404","101634","5",2013,"Nov",19.95616438,0.931316387,377,8.76,"Nitrite",1
"405","101627","5",2013,"Nov",19.95616438,0.934128626,421,8.83,"Nitrite",1
"406","101618","5",2013,"Nov",19.95616438,0.93630472,575,8.94,"Nitrite",1
"407","102243","5",2013,"Jan",22.75068493,NA,403,8.94,"Nitrite",1
"408","102250","5",2013,"Jan",22.75068493,NA,401,8.94,"Nitrite",1
"409","102264","5",2013,"Jan",22.75068493,NA,317,8.94,"Nitrite",1
"410","102314","5",2013,"Jan",22.75068493,NA,455,8.98,"Nitrite",1
"411","105631","5",2013,"Jan",22.75068493,NA,415,8.99,"Nitrite",1
"412","102257","5",2013,"Jan",22.75068493,NA,442,8.93,"Nitrite",1
"413","105638","5",2013,"Jan",22.75068493,NA,318,9.09,"Nitrite",1
"414","123371","5",2014,"Dec",33.27123288,0.928817717,331,8.9,"Nitrite",1
"415","123362","5",2014,"Dec",33.27123288,0.91481909,415,8.95,"Nitrite",1
"416","123352","5",2014,"Dec",33.27123288,0.925686623,427,8.95,"Nitrite",1
"417","123345","5",2014,"Dec",33.27123288,0.918172084,279,8.96,"Nitrite",1
"418","123416","5",2014,"Dec",33.27123288,0.9417,403,9.05,"Nitrite",1
"419","123398","5",2014,"Dec",33.27123288,0.930497286,355,9.25,"Nitrite",1
"420","123390","5",2014,"Dec",33.27123288,0.924967441,337,9.23,"Nitrite",1
"421","123380","5",2014,"Dec",33.27123288,0.939661722,321,9.22,"Nitrite",1
"422","133516","5",2015,"Nov",44,NA,346,8.7,"Nitrite",1.7
"423","133500","5",2015,"Nov",44,NA,385,8.8,"Nitrite",2.7
"424","133509","5",2015,"Nov",44,NA,357,8.7,"Nitrite",21.7
"425","133491","5",2015,"Nov",44,NA,364,8.7,"Nitrite",28.2
"426","133490","5",2015,"Nov",44,NA,379,8.7,"Nitrite",30.4
"427","133525","5",2015,"Nov",44,NA,374,8.8,"Nitrite",0.9
"428","133534","5",2015,"Nov",44,NA,379,8.8,"Nitrite",1.6
"429","133544","5",2015,"Nov",44,NA,370,8.8,"Nitrite",1.1
"430","133552","5",2015,"Nov",44,NA,372,8.8,"Nitrite",0.9
"431","133770","5",2015,"Feb",47,0.905,268,8.8,"Nitrite",4.4
"432","133775","5",2015,"Feb",47,NA,270,8.8,"Nitrite",7.2
"433","133773","5",2015,"Feb",47,NA,326,8.8,"Nitrite",1.7
"434","133777","5",2015,"Feb",47,0.84,318,8.8,"Nitrite",0.3
"435","147889","5",2016,"Jan",59,NA,86,7.3,"Nitrite",0.6
"436","147914","5",2016,"Jan",59,NA,192,8.7,"Nitrite",4.2
"437","147915","5",2016,"Jan",59,NA,42,7.5,"Nitrite",1.3
"438","101619","6",2013,"Nov",9.676712329,0.918323849,716,9.13,"Nitrite",1
"439","101622","6",2013,"Nov",9.676712329,NA,643,9.11,"Nitrite",1
"440","101628","6",2013,"Nov",9.676712329,0.909427756,455,8.89,"Nitrite",1
"441","101635","6",2013,"Nov",9.676712329,0.925348614,461,9.03,"Nitrite",1
"442","101641","6",2013,"Nov",9.676712329,0.942568164,274,7.66,"Nitrite",1
"443","101647","6",2013,"Nov",9.676712329,0.904068076,562,9,"Nitrite",1
"444","101655","6",2013,"Nov",9.676712329,0.912491235,492,9.06,"Nitrite",1
"445","101662","6",2013,"Nov",9.676712329,0.923073839,287,8.32,"Nitrite",1
"446","101669","6",2013,"Nov",9.676712329,0.899361502,445,8.99,"Nitrite",1
"447","101674","6",2013,"Nov",9.676712329,0.916451851,780,9.1,"Nitrite",1
"448","101680","6",2013,"Nov",9.676712329,0.893621296,362,8.45,"Nitrite",1
"449","101686","6",2013,"Nov",9.676712329,0.926559879,137.4,7.86,"Nitrite",1
"450","101691","6",2013,"Nov",9.676712329,0.922020337,667,9.16,"Nitrite",1
"451","102244","6",2013,"Jan",12.30684932,0.913527297,295,8.65,"Nitrite",1
"452","102251","6",2013,"Jan",12.30684932,0.892930702,180.5,8.15,"Nitrite",1
"453","102258","6",2013,"Jan",12.30684932,NA,150.3,8.35,"Nitrite",1
"454","102265","6",2013,"Jan",12.30684932,NA,392,8.4,"Nitrite",2.1
"455","105624","6",2013,"Jan",12.30684932,NA,141.3,7.86,"Nitrite",1
"456","105632","6",2013,"Jan",12.30684932,NA,173.8,8.2,"Nitrite",1
"457","105633","6",2013,"Jan",12.30684932,NA,156.7,8.18,"Nitrite",1
"458","105639","6",2013,"Jan",12.30684932,NA,392,8.91,"Nitrite",9.3
"459","116166","6",2013,"Jan",12.30684932,NA,317,8.74,"Nitrite",11
"460","116171","6",2013,"Jan",12.30684932,NA,258.5,8.96,"Nitrite",1.1
"461","116172","6",2013,"Jan",12.30684932,NA,334,8.92,"Nitrite",1.8
"462","116177","6",2013,"Jan",12.30684932,NA,171.3,8.62,"Nitrite",1
"463","116183","6",2013,"Jan",12.30684932,NA,244.6,8.81,"Nitrite",1.4
"464","116852","6",2013,"Feb",13,NA,408,8.9,"Nitrite",1
"465","116853","6",2013,"Feb",13,NA,77.1,7.32,"Nitrite",1
"466","116854","6",2013,"Feb",13,NA,489,9.06,"Nitrite",1
"467","116855","6",2013,"Feb",13,NA,279,8.83,"Nitrite",1
"468","116856","6",2013,"Feb",13,NA,350,8.97,"Nitrite",1.8
"469","123346","6",2014,"Dec",22.82739726,0.970616546,320,8.34,"Nitrite",18
"470","123353","6",2014,"Dec",22.82739726,0.902437547,339,8.52,"Nitrite",11
"471","123364","6",2014,"Dec",22.82739726,0.913863109,295,8.72,"Nitrite",3.3
"472","123372","6",2014,"Dec",22.82739726,0.887712116,342,8.56,"Nitrite",5.9
"473","123381","6",2014,"Dec",22.82739726,0.952340797,256,8.83,"Nitrite",11
"474","123391","6",2014,"Dec",22.82739726,0.92694823,260.8,9.06,"Nitrite",7.8
"475","123399","6",2014,"Dec",22.82739726,0.934967719,215,8.47,"Nitrite",2.5
"476","123400","6",2014,"Dec",22.82739726,NA,253,8.68,"Nitrite",3.2
"477","123417","6",2014,"Dec",22.82739726,0.879091082,441,8.96,"Nitrite",3.2
"478","123424","6",2014,"Dec",22.82739726,0.940155881,247,8.66,"Nitrite",5.6
"479","123432","6",2014,"Dec",22.82739726,NA,266.2,8.68,"Nitrite",3.2
"480","123439","6",2014,"Dec",22.82739726,NA,304,8.59,"Nitrite",1
"481","123446","6",2014,"Dec",22.82739726,NA,432,9.11,"Nitrite",1
"482","123828","6",2014,"Jan",24.21986301,0.907635187,175.6,8.07,"Nitrite",15
"483","123738","6",2014,"Jan",24.21986301,0.918216137,216.9,8.45,"Nitrite",36
"484","123746","6",2014,"Jan",24.21986301,0.915781938,386,8.02,"Nitrite",91
"485","123747","6",2014,"Jan",24.21986301,NA,379,7.99,"Nitrite",93
"486","123756","6",2014,"Jan",24.21986301,0.90630086,321,8.63,"Nitrite",42
"487","123763","6",2014,"Jan",24.21986301,0.897024644,214.8,8.36,"Nitrite",20
"488","123770","6",2014,"Jan",24.21986301,0.914919023,325,7.87,"Nitrite",60
"489","137771","6",2014,"Jan",24.21986301,NA,344,7.7,"Nitrite",54
"490","123780","6",2014,"Jan",24.21986301,0.899937405,323,7.65,"Nitrite",90
"491","123790","6",2014,"Jan",24.21986301,0.906156322,282.6,8.21,"Nitrite",56
"492","123797","6",2014,"Jan",24.21986301,0.917317098,57.9,7.36,"Nitrite",1
"493","123805","6",2014,"Jan",24.21986301,0.926424392,388,7.53,"Nitrite",110
"494","123812","6",2014,"Jan",24.21986301,0.925672785,310,8.02,"Nitrite",77
"495","123821","6",2014,"Jan",24.21986301,0.910023136,322,8.17,"Nitrite",75
"496","133510","6",2015,"Nov",34,NA,290,8,"Nitrite",45.3
"497","133517","6",2015,"Nov",34,NA,296,7.8,"Nitrite",62.2
"498","133518","6",2015,"Nov",34,NA,326,7.8,"Nitrite",65.3
"499","133526","6",2015,"Nov",34,NA,295,7.8,"Nitrite",65.5
"500","133535","6",2015,"Nov",34,NA,316,7.6,"Nitrite",63.3
"501","133536","6",2015,"Nov",34,NA,283,7.6,"Nitrite",57.4
"502","147603","6",2016,"Jan",48,0.877,214,7.7,"Nitrite",33.6
"503","147606","6",2016,"Jan",48,0.837,196,8.2,"Nitrite",20.8
"504","147611","6",2016,"Jan",48,0.835,169,7.8,"Nitrite",23.5
"505","116539","7",2013,"Jan",-0.1,0.961478327,136.5,7.37,"Nitrite",1
"506","116540","7",2013,"Jan",-0.076712329,0.994293593,254.2,8.79,"Nitrite",1
"507","116546","7",2013,"Jan",-0.076712329,0.9938,223.5,8.6,"Nitrite",1
"508","116541","7",2013,"Jan",-0.076712329,0.976519429,217,7.94,"Nitrite",1
"509","116544","7",2013,"Jan",0,0.92002501,22.79,7.33,"Nitrite",1
"510","116545","7",2013,"Jan",0,0.925335668,24.79,7.04,"Nitrite",1
"511","116559","7",2013,"Jan",0,0.923802825,23.25,7.94,"Nitrite",1
"512","116560","7",2013,"Jan",0,0.920064833,23.69,7.07,"Nitrite",1
"513","116561","7",2013,"Jan",0.021917808,0.936650984,23.7,7.09,"Nitrite",1
"514","116563","7",2013,"Jan",0.021917808,0.924788585,25.21,6.89,"Nitrite",1
"515","116564","7",2013,"Jan",0.021917808,0.922886237,23.79,6.58,"Nitrite",1
"516","116565","7",2013,"Jan",0.021917808,0.906792183,25.96,6.35,"Nitrite",1
"517","116566","7",2013,"Jan",0.021917808,0.902974759,25.88,6.36,"Nitrite",1
"518","116567","7",2013,"Jan",0.021917808,0.92687045,21.76,6.75,"Nitrite",1
"519","116568","7",2013,"Jan",0.021917808,0.930673058,26.9,6.53,"Nitrite",1
"520","116569","7",2013,"Jan",0.021917808,0.930177564,22.07,6.59,"Nitrite",1
"521","116573","7",2013,"Jan",0.021917808,0.92374281,23.35,6.64,"Nitrite",1
"522","116574","7",2013,"Jan",0.021917808,0.941585512,29.2,7.65,"Nitrite",1
"523","116575","7",2013,"Jan",0.021917808,0.918787697,26.17,7.17,"Nitrite",1
"524","116576","7",2013,"Jan",0.021917808,0.929015828,26.42,6.7,"Nitrite",1
"525","116577","7",2013,"Jan",0.021917808,0.917798278,28.9,6.53,"Nitrite",1
"526","116579","7",2013,"Jan",0.021917808,0.892624874,28.51,6.28,"Nitrite",1
"527","116580","7",2013,"Jan",0.021917808,0.923570906,25.06,6.34,"Nitrite",1
"528","116581","7",2013,"Jan",0.021917808,0.921110233,21.94,6.7,"Nitrite",1
"529","116582","7",2013,"Jan",0.021917808,0.942072001,39.5,6.57,"Nitrite",1
"530","116583","7",2013,"Jan",0.021917808,0.944282934,27.06,6.79,"Nitrite",1
"531","116584","7",2013,"Jan",0.021917808,0.923013335,21.52,6.52,"Nitrite",1
"532","116585","7",2013,"Jan",0.021917808,0.95369409,27.97,6.52,"Nitrite",1
"533","116586","7",2013,"Jan",0.021917808,0.932139184,26.38,6.47,"Nitrite",1
"534","116587","7",2013,"Jan",0.021917808,0.930390818,27.38,6.65,"Nitrite",1
"535","116588","7",2013,"Jan",0.021917808,0.920973939,23.81,6.58,"Nitrite",1
"536","116589","7",2013,"Jan",0.021917808,0.918576512,25.33,6.5,"Nitrite",1
"537","116590","7",2013,"Jan",0.021917808,0.934712992,26.22,6.59,"Nitrite",1
"538","116592","7",2013,"Jan",0.021917808,0.945175147,28,6.84,"Nitrite",1
"539","116593","7",2013,"Jan",0.021917808,0.91836633,27.9,6.86,"Nitrite",1
"540","116595","7",2013,"Jan",0.021917808,0.918689766,26.94,6.71,"Nitrite",1
"541","116596","7",2013,"Jan",0.021917808,0.896868445,39.9,6.11,"Nitrite",1
"542","116600","7",2013,"Jan",0.021917808,0.940817055,28.58,6.61,"Nitrite",1
"543","116602","7",2013,"Jan",0.021917808,0.929604637,27.8,6.46,"Nitrite",1
"544","116608","7",2013,"Jan",0.021917808,0.912124776,24.69,6.42,"Nitrite",1
"545","116611","7",2013,"Jan",0.021917808,0.951122269,28.2,6.49,"Nitrite",1
"546","116612","7",2013,"Jan",0.021917808,0.919519459,25.98,6.55,"Nitrite",1
"547","116616","7",2013,"Jan",0.021917808,0.920190535,30.5,6.56,"Nitrite",1
"548","123373","7",2014,"Dec",10.64109589,0.9419,79.2,8.88,"Nitrite",1
"549","123356","7",2014,"Dec",10.64109589,0.9249,406,9.11,"Nitrite",1
"550","123365","7",2014,"Dec",10.64109589,0.9321,312,9.05,"Nitrite",1
"551","123374","7",2014,"Dec",10.64109589,0.922,405,8.24,"Nitrite",1
"552","123383","7",2014,"Dec",10.64109589,0.9209,2325,8.95,"Nitrite",1
"553","123401","7",2014,"Dec",10.64109589,0.9068,414,8.83,"Nitrite",1
"554","123418","7",2014,"Dec",10.64109589,0.8706,182.8,9.98,"Nitrite",1
"555","123427","7",2014,"Dec",10.64109589,0.9149,1694,8.84,"Nitrite",1
"556","123426","7",2014,"Dec",10.64109589,0.9496,875,9.03,"Nitrite",1
"557","123402","7",2014,"Dec",10.64109589,0.9187,869,9.15,"Nitrite",1
"558","123440","7",2014,"Dec",10.64109589,0.9147,273,8.5,"Nitrite",1
"559","123447","7",2014,"Dec",10.64109589,0.8521,188.4,7.97,"Nitrite",1
"560","123393","7",2014,"Dec",10.64109589,0.9104,568,9.27,"Nitrite",NA
"561","123740","7",2014,"Jan",12.03789954,0.9473,129.5,7.51,"Nitrite",1
"562","123749","7",2014,"Jan",12.03789954,0.92,471,9.22,"Nitrite",1
"563","123757","7",2014,"Jan",12.03789954,0.913,321,8.92,"Nitrite",1
"564","123764","7",2014,"Jan",12.03789954,0.9024,253.1,8.65,"Nitrite",1
"565","123773","7",2014,"Jan",12.03789954,0.9293,302,8.99,"Nitrite",1
"566","123783","7",2014,"Jan",12.03789954,0.9192,500,9.15,"Nitrite",1
"567","123791","7",2014,"Jan",12.03789954,0.9109,403,9.07,"Nitrite",1
"568","133494","7",2015,"Nov",23,0.891,293,8.7,"Nitrite",0.5
"569","133503","7",2015,"Nov",23,NA,391,8.9,"Nitrite",0.6
"570","133511","7",2015,"Nov",23,0.891,186,8.6,"Nitrite",1
"571","133519","7",2015,"Nov",23,0.918,297,8.7,"Nitrite",0.1
"572","133520","7",2015,"Nov",23,0.918,243,8.7,"Nitrite",0.1
"573","133529","7",2015,"Nov",23,0.916,501,8.8,"Nitrite",0.4
"574","133538","7",2015,"Nov",23,NA,365,8.8,"Nitrite",0.8
"575","133546","7",2015,"Nov",23,NA,323,8.7,"Nitrite",1.3
"576","133554","7",2015,"Nov",23,NA,338,8.8,"Nitrite",0.6
"577","133555","7",2015,"Nov",23,NA,329,8.7,"Nitrite",0.4
"578","133562","7",2015,"Nov",23,NA,259,8.6,"Nitrite",0.1
"579","133569","7",2015,"Nov",23,0.912,279,8.6,"Nitrite",0.5
"580","133797","7",2015,"Feb",24,0.92,282,8.8,"Nitrite",12.4
"581","133798","7",2015,"Feb",24,NA,256,8.6,"Nitrite",21.5
"582","133799","7",2015,"Feb",24,0.909,190,8.6,"Nitrite",0.8
"583","133800","7",2015,"Feb",24,0.904,210,8.6,"Nitrite",1.9
"584","133801","7",2015,"Feb",24,0.815,191,8.6,"Nitrite",0.1
"585","133802","7",2015,"Feb",24,NA,306,8.8,"Nitrite",0.9
"586","133803","7",2015,"Feb",24,NA,251,8.5,"Nitrite",20.8
"587","133804","7",2015,"Feb",24,NA,396,8.9,"Nitrite",0.2
"588","133805","7",2015,"Feb",24,NA,321,8.8,"Nitrite",1
"589","133806","7",2015,"Feb",24,0.894,321,8.8,"Nitrite",0.1
"590","133807","7",2015,"Feb",24,NA,245,8.6,"Nitrite",11.6
"591","133808","7",2015,"Feb",24,NA,218,8.6,"Nitrite",3.5
"592","133810","7",2015,"Feb",24,NA,339,8.8,"Nitrite",0.1
"593","147530","7",2016,"Feb",24,0.919,244,8.3,"Nitrite",54.1
"594","147531","7",2016,"Feb",24,NA,330,8.6,"Nitrite",57.4
"595","147532","7",2016,"Feb",24,NA,329,7.9,"Nitrite",108
"596","147533","7",2016,"Feb",24,NA,302,7.9,"Nitrite",99.4
"597","147596","7",2016,"Feb",24,0.892,255,7.4,"Nitrite",51.2
"598","147549","7",2016,"Feb",24,0.941,313,7.7,"Nitrite",51.1
"599","147545","7",2016,"Feb",24,0.936,353,7.6,"Nitrite",62.6
"600","147550","7",2016,"Feb",24,0.929,266,7.2,"Nitrite",75.1
"601","155041","7",2017,"Feb",46,0.938,234,7.2,"Nitrite",56.4
"602","155017","7",2017,"Feb",46,0.937,432,8,"Nitrite",33.6
"603","154543","7",2017,"Feb",46,0.937,318,7.3,"Nitrite",70.4
"604","154997","7",2017,"Feb",46,0.939,295,7.9,"Nitrite",10.7
"605","154620","7",2017,"Feb",46,0.922,242,7.4,"Nitrite",50.6
"606","155025","7",2017,"Feb",46,0.936,268,7.3,"Nitrite",69.1
"607","155048","7",2017,"Feb",46,0.875,412,7.4,"Nitrite",120
"608","154612","7",2017,"Feb",46,0.89,410,7.4,"Nitrite",106
"609","167820","7",2018,"Jan",59,0.959,330,7.8,"Nitrite",160
"610","167824","7",2018,"Jan",59,0.946,400,7.7,"Nitrite",180
"611","167828","7",2018,"Jan",59,0.973,370,8,"Nitrite",100
"612","167825","7",2018,"Jan",59,0.943,280,7.9,"Nitrite",120
"613","167821","7",2018,"Jan",59,0.936,220,8.1,"Nitrite",5
"614","167829","7",2018,"Jan",59,0.933,240,8.1,"Nitrite",94
"615","167830","7",2018,"Jan",59,0.937,250,8.2,"Nitrite",110
"616","167826","7",2018,"Jan",59,0.926,170,8.1,"Nitrite",50
"617","167822","7",2018,"Jan",59,0.937,320,8.6,"Nitrite",54
"618","167831","7",2018,"Jan",59,0.922,250,8.5,"Nitrite",47
"619","167827","7",2018,"Jan",59,0.911,180,7.8,"Nitrite",20
"620","167823","7",2018,"Jan",59,0.934,220,8.4,"Nitrite",36
"621","167832","7",2018,"Jan",59,0.85,140,7.8,"Nitrite",6.7
"622","155045","3a",2017,"Feb",59,0.949,385,7.3,"Nitrite",43
"623","154646","3a",2017,"Feb",59,0.967,264,7.1,"Nitrite",14.7
"624","155002","3a",2017,"Feb",59,0.95,165,6.7,"Nitrite",32
"625","155003","3a",2017,"Feb",59,0.918,298,7.5,"Nitrite",35.1
"626","154544","3a",2017,"Feb",59,0.927,251,7.3,"Nitrite",33.9
"627","155013","3a",2017,"Feb",59,0.891,365,7.3,"Nitrite",45.8
"628","154616","3a",2017,"Feb",59,0.939,229,7,"Nitrite",53.6
"629","155005","3a",2017,"Feb",59,0.936,328,6.9,"Nitrite",76.2
"630","154998","3a",2017,"Feb",59,0.931,199,7.2,"Nitrite",47.6
"631","155031","3a",2017,"Feb",59,0.927,348,7.2,"Nitrite",74.7
"632","154545","3a",2017,"Feb",59,0.94,224,7.1,"Nitrite",46.6
"633","155046","3a",2017,"Feb",59,0.918,253,7.1,"Nitrite",54
"634","155014","3a",2017,"Feb",59,0.924,249,7.2,"Nitrite",44.4
"635","167670","3a",2018,"Nov",69,0.942,250,7.6,"Nitrite",46
"636","167675","3a",2018,"Nov",69,0.936,290,8.3,"Nitrite",42
"637","167676","3a",2018,"Nov",69,0.952,320,8.3,"Nitrite",29
"638","167679","3a",2018,"Nov",69,0.94,210,8.3,"Nitrite",40
"639","167680","3a",2018,"Nov",69,0.947,230,8,"Nitrite",44
"640","167706","3a",2018,"Nov",69,0.902,270,8.3,"Nitrite",48
"641","167708","3a",2018,"Nov",69,0.941,250,8.2,"Nitrite",47
"642","167713","3a",2018,"Nov",69,0.942,200,8.3,"Nitrite",44
"643","167714","3a",2018,"Nov",69,0.946,270,8.1,"Nitrite",49
"644","167718","3a",2018,"Nov",69,0.941,220,8,"Nitrite",50
"645","167719","3a",2018,"Nov",69,0.946,250,8.2,"Nitrite",48
"646","167724","3a",2018,"Nov",69,0.957,240,8.1,"Nitrite",45
"647","167667","3a",2018,"Nov",69,0.928,310,8.3,"Nitrite",62
"648","167668","3a",2018,"Nov",69,0.939,260,8.3,"Nitrite",26
"649","167669","3a",2018,"Nov",69,0.938,300,8.2,"Nitrite",49
"650","167671","3a",2018,"Nov",69,0.927,310,8.2,"Nitrite",43
"651","167681","3a",2018,"Nov",69,0.943,200,7.8,"Nitrite",41
"652","167682","3a",2018,"Nov",69,0.938,270,8.2,"Nitrite",53
"653","167684","3a",2018,"Nov",69,0.94,260,8.2,"Nitrite",49
"654","167707","3a",2018,"Nov",69,0.939,300,8.2,"Nitrite",41
"655","167712","3a",2018,"Nov",69,0.938,300,8.4,"Nitrite",54
"656","167723","3a",2018,"Nov",69,0.939,250,7.9,"Nitrite",43
"657","153509","4a",2017,"Feb",59,0.962,353,7.1,"Nitrite",58
"658","154628","4a",2017,"Feb",59,0.943,260,7.2,"Nitrite",27.3
"659","154608","4a",2017,"Feb",59,0.931,266,7.4,"Nitrite",40
"660","147598","4a",2017,"Feb",59,0.915,199,7.2,"Nitrite",20.7
"661","155006","4a",2017,"Feb",59,0.935,268,7.2,"Nitrite",50.8
"662","154604","4a",2017,"Feb",59,0.918,258,7.3,"Nitrite",42.4
"663","155049","4a",2017,"Feb",59,0.879,255,7.4,"Nitrite",26.8
"664","155010","4a",2017,"Feb",59,0.878,383,7.6,"Nitrite",48.4
"665","147614","4a",2017,"Feb",59,0.923,212,7.1,"Nitrite",23.6
"666","147615","4a",2017,"Feb",59,0.922,179,7.1,"Nitrite",19.8
"667","153512","4a",2017,"Feb",59,0.939,180,6.9,"Nitrite",18.5
"668","147608","4a",2017,"Feb",59,0.903,168,6.8,"Nitrite",16.6
"669","155015","4a",2017,"Feb",59,0.913,264,7.4,"Nitrite",33.8
"670","167851","4a",2018,"Feb",71,0.948,340,7.8,"Nitrite",73
"671","167856","4a",2018,"Feb",71,0.951,210,7.7,"Nitrite",5
"672","167860","4a",2018,"Feb",71,0.943,260,7.7,"Nitrite",76
"673","167857","4a",2018,"Feb",71,0.931,220,7.9,"Nitrite",64
"674","167852","4a",2018,"Feb",71,0.935,230,8,"Nitrite",81
"675","167861","4a",2018,"Feb",71,0.933,210,8.4,"Nitrite",30
"676","167858","4a",2018,"Feb",71,0.941,150,8.5,"Nitrite",9
"677","167853","4a",2018,"Feb",71,0.93,240,8.5,"Nitrite",23
"678","167862","4a",2018,"Feb",71,0.945,170,8.4,"Nitrite",22
"679","167859","4a",2018,"Feb",71,0.929,230,8.2,"Nitrite",39
"680","167854","4a",2018,"Feb",71,0.929,240,8.5,"Nitrite",37
"681","167855","4a",2018,"Feb",71,0.917,260,8.4,"Nitrite",37
"682","167863","4a",2018,"Feb",71,0.922,190,8,"Nitrite",18
"683","155033","5a",2017,"Feb",71,0.948,211,6.8,"Nitrite",45.1
"684","155036","5a",2017,"Feb",71,0.932,161,6.7,"Nitrite",35.4
"685","154547","5a",2017,"Feb",71,0.942,165,7.1,"Nitrite",18.6
"686","154996","5a",2017,"Feb",71,0.917,154,7.1,"Nitrite",16.9
"687","155044","5a",2017,"Feb",71,0.92,164,6.9,"Nitrite",18.4
"688","154617","5a",2017,"Feb",71,0.906,165,7.1,"Nitrite",17.9
"689","155008","5a",2017,"Feb",71,0.901,160,7,"Nitrite",18
"690","155016","5a",2017,"Feb",71,0.922,173,7.1,"Nitrite",14.2
"691","155040","5a",2017,"Feb",71,0.935,139,7,"Nitrite",9.1
"692","167842","5a",2018,"Feb",83,0.948,150,6.8,"Nitrite",36
"693","167846","5a",2018,"Feb",83,0.957,270,7.3,"Nitrite",39
"694","167847","5a",2018,"Feb",83,0.944,150,7.6,"Nitrite",31
"695","167843","5a",2018,"Feb",83,0.944,170,7.3,"Nitrite",27
"696","167848","5a",2018,"Feb",83,0.941,130,7.8,"Nitrite",40
"697","167844","5a",2018,"Feb",83,0.937,130,7.2,"Nitrite",40
"698","167849","5a",2018,"Feb",83,0.939,120,8.1,"Nitrite",18
"699","167850","5a",2018,"Feb",83,0.929,120,8.1,"Nitrite",15
"700","167845","5a",2018,"Feb",83,0.935,170,8.1,"Nitrite",16
"701","148142","IQP",2016,"Feb",60,0.849,188,7.3,"Nitrite",11.5
"702","148136","IQP",2016,"Feb",60,0.915,NA,NA,"Nitrite",NA
"703","148141","IQP",2016,"Feb",60,0.92,194,6.8,"Nitrite",69.1
"704","148147","IQP",2016,"Feb",60,0.904,NA,NA,"Nitrite",NA
"705","148143","IQP",2016,"Feb",60,0.938,NA,NA,"Nitrite",NA
"706","148152","IQP",2016,"Feb",60,0.949,NA,NA,"Nitrite",NA
"707","155228","IQP",2016,"Feb",72,0.918,85,6.6,"Nitrite",0.2
"708","155225","IQP",2016,"Feb",72,0.935,101,7,"Nitrite",0.4
"709","155229","IQP",2016,"Feb",72,0.914,89,6.5,"Nitrite",0.3
"710","155227","IQP",2016,"Feb",72,0.898,81,6.5,"Nitrite",0.3
"711","167874","IQP",2018,"Feb",84,0.903,83,8,"Nitrite",5
"712","167900","IQP",2018,"Feb",84,0.89,110,8,"Nitrite",23
"713","167876","IQP",2018,"Feb",84,0.914,58,8.1,"Nitrite",7.4
"714","167885","IQP",2018,"Feb",84,0.918,77,8.2,"Nitrite",5
"715","101620","TP",2013,"Nov",53,0.916742692,34.3,7.34,"Nitrite",1
"716","101629","TP",2013,"Nov",53,0.919126777,50.6,7.48,"Nitrite",1
"717","101648","TP",2013,"Nov",53,0.9312219,46,7.44,"Nitrite",1
"718","101656","TP",2013,"Nov",53,0.933913873,54.3,7.33,"Nitrite",1
"719","101675","TP",2013,"Nov",53,0.920433747,32,7.67,"Nitrite",1
"720","101681","TP",2013,"Nov",53,0.912122354,41.5,7.32,"Nitrite",1
"721","101648","TP",2013,"Nov",53,NA,46,7.44,"Nitrite",1
"722","101675","TP",2013,"Nov",53,NA,32,7.67,"Nitrite",1
"723","101656","TP",2013,"Nov",53,NA,54.3,7.33,"Nitrite",1
"724","101681","TP",2013,"Nov",53,NA,41.5,7.32,"Nitrite",1
"725","101629","TP",2013,"Nov",53,NA,50.6,7.48,"Nitrite",1
"726","101675","TP",2013,"Nov",53,NA,32,7.67,"Nitrite",1
"727","102238","TP",2013,"Jan",NA,NA,36.4,7.74,"Nitrite",1
"728","105625","TP",2013,"Jan",NA,NA,78.3,7.51,"Nitrite",1
"729","102266","TP",2013,"Jan",NA,NA,195.6,7.36,"Nitrite",1
"730","123382","TP",2014,"Dec",NA,NA,36.4,7.74,"Nitrite",1
"731","123392","TP",2014,"Dec",NA,NA,NA,NA,"Nitrite",1
"732","123425","TP",2014,"Dec",NA,NA,NA,NA,"Nitrite",1
"733","133792","TP",2016,"Jan",NA,NA,37,7,"Nitrite",0.1
